Name,Input List,Start Frame,Area AVG,Area STD,RG AVG,RG STD,RDF Peak,Coordination at Minimum
polymerA1,"[(1, 'E4'), (2, 'E4'), (3, 'E4'), (4, 'E4'), (5, 'E4'), (6, 'E4'), (7, 'E4'), (8, 'E4'), (9, 'E4'), (10, 'E4'), (11, 'S6'), (12, 'S4'), (13, 'S6'), (14, 'S4'), (15, 'S6'), (16, 'S4'), (17, 'S6'), (18, 'S4'), (19, 'S6'), (20, 'S4')]",830.0,13932.25742455214,320.24571707325777,18.827689307757787,0.130057068049395,1.7723091804126785,3.7731785714285713
polymerA2,"[(1, 'E4'), (2, 'E4'), (3, 'E4'), (4, 'E4'), (5, 'E4'), (6, 'E4'), (7, 'E4'), (8, 'E4'), (9, 'E4'), (10, 'E4'), (11, 'S8'), (12, 'S2'), (13, 'S8'), (14, 'S2'), (15, 'S8'), (16, 'S2'), (17, 'S8'), (18, 'S2'), (19, 'S8'), (20, 'S2')]",830.0,13925.018799355432,271.3695847521062,19.595126277378625,0.0881043389626336,1.8071338771257448,4.246339285714285
polymerA3,"[(1, 'E4'), (2, 'E4'), (3, 'E4'), (4, 'E4'), (5, 'E4'), (6, 'E4'), (7, 'E4'), (8, 'E4'), (9, 'E4'), (10, 'E4'), (11, 'S10'), (12, 'S0'), (13, 'S10'), (14, 'S0'), (15, 'S10'), (16, 'S0'), (17, 'S10'), (18, 'S0'), (19, 'S10'), (20, 'S0')]",830.0,13562.25867408103,260.49973106844186,20.87217034612384,0.207960187933779,1.7634690650932083,4.242928571428571
polymerA4,"[(1, 'E4'), (2, 'E4'), (3, 'E4'), (4, 'E4'), (5, 'E4'), (6, 'E4'), (7, 'E4'), (8, 'E4'), (9, 'E4'), (10, 'E4'), (11, 'S0'), (12, 'S0'), (13, 'S0'), (14, 'S0'), (15, 'S0'), (16, 'S0'), (17, 'S0'), (18, 'S0'), (19, 'S10'), (20, 'S40')]",830.0,12578.201381474784,246.68108329879183,21.968153112956465,0.1967161873565238,1.7606563011279222,3.725571428571429
polymerA5,"[(1, 'E4'), (2, 'E4'), (3, 'E4'), (4, 'E4'), (5, 'E4'), (6, 'E4'), (7, 'E4'), (8, 'E4'), (9, 'E4'), (10, 'E4'), (11, 'S0'), (12, 'S0'), (13, 'S0'), (14, 'S0'), (15, 'S0'), (16, 'S0'), (17, 'S0'), (18, 'S0'), (19, 'S0'), (20, 'S50')]",830.0,12742.920512763283,242.0183639427613,22.440286077771876,0.1628689735218771,1.776059532366393,4.213017857142858
polymerJ1,"[(1, 'E6'), (2, 'S5'), (3, 'E2'), (4, 'S9'), (5, 'S8'), (6, 'E1'), (7, 'S9'), (8, 'S8'), (9, 'S9'), (10, 'E7'), (11, 'E2'), (12, 'E4'), (13, 'S7'), (14, 'S5'), (15, 'S2')]",830.0,15054.98751982415,309.8330321362426,19.607251866204397,0.127845880896946,1.3089702435855437,3.103181818181818
polymerJ10,"[(1, 'S4'), (2, 'E4'), (3, 'S6'), (4, 'S1'), (5, 'S2'), (6, 'E4'), (7, 'S7'), (8, 'E7'), (9, 'E0'), (10, 'S7'), (11, 'S8'), (12, 'E7'), (13, 'E6'), (14, 'S3'), (15, 'S8')]",830.0,15235.466943947977,375.8895249273794,18.1143916961125,0.0829863223155148,1.8034217940695176,4.2584183673469385
polymerJ100,"[(1, 'E2'), (2, 'S9'), (3, 'S6'), (4, 'S1'), (5, 'E7'), (6, 'E3'), (7, 'S0'), (8, 'E9'), (9, 'E0'), (10, 'E0'), (11, 'E9'), (12, 'E2'), (13, 'S6'), (14, 'S1'), (15, 'E6'), (16, 'S2'), (17, 'E2'), (18, 'S9'), (19, 'E4'), (20, 'E0')]",830.0,13493.113405981914,330.4213934319747,17.84058334418705,0.1156775744734903,1.7834871774695302,4.109188311688312
polymerJ101,"[(1, 'S2'), (2, 'S3'), (3, 'S7'), (4, 'S1'), (5, 'S0'), (6, 'S6'), (7, 'E4'), (8, 'S8'), (9, 'S9'), (10, 'S9'), (11, 'E6'), (12, 'S0'), (13, 'S0'), (14, 'E0'), (15, 'E8'), (16, 'E8'), (17, 'S2'), (18, 'S2'), (19, 'E3')]",830.0,13836.229936724878,404.4968659065934,19.17767551967076,0.1292419480418633,1.7661755998775388,3.940566502463055
polymerJ102,"[(1, 'S4'), (2, 'S6'), (3, 'S3'), (4, 'S4'), (5, 'S7'), (6, 'E6'), (7, 'S8'), (8, 'S4'), (9, 'E3'), (10, 'E2'), (11, 'S8'), (12, 'S3'), (13, 'E2'), (14, 'S0'), (15, 'S0'), (16, 'S9'), (17, 'E4'), (18, 'E5'), (19, 'S3')]",830.0,14899.447812571936,357.1262594556755,19.24098984582083,0.1406514579631421,1.4273255065404409,3.348019480519479
polymerJ103,"[(1, 'E9'), (2, 'S8'), (3, 'E6'), (4, 'S0'), (5, 'S9'), (6, 'S4'), (7, 'S2'), (8, 'S5'), (9, 'E9'), (10, 'S1'), (11, 'E6'), (12, 'S3'), (13, 'E7'), (14, 'E3'), (15, 'S2'), (16, 'E4'), (17, 'E9'), (18, 'E9'), (19, 'E8')]",830.0,15756.22256419934,467.5776347094167,18.778634499141152,0.1618902747630698,1.911684505059918,4.092602040816327
polymerJ104,"[(1, 'S2'), (2, 'E8'), (3, 'S5'), (4, 'S7'), (5, 'E0'), (6, 'E9'), (7, 'S7'), (8, 'E8'), (9, 'S5'), (10, 'S9'), (11, 'S0'), (12, 'S6'), (13, 'E6'), (14, 'E9'), (15, 'S0'), (16, 'S4'), (17, 'S3'), (18, 'S7'), (19, 'S1')]",830.0,18005.342253715768,336.866469432467,19.37915898868016,0.1350036817940492,1.9485757222372768,4.211839285714286
polymerJ105,"[(1, 'S5'), (2, 'E2'), (3, 'S5'), (4, 'S1'), (5, 'E8'), (6, 'E0'), (7, 'S9'), (8, 'E4'), (9, 'S6'), (10, 'E5'), (11, 'E6'), (12, 'E8'), (13, 'S6'), (14, 'E1'), (15, 'S3'), (16, 'E5'), (17, 'S5'), (18, 'E9'), (19, 'S9'), (20, 'S6')]",830.0,18815.118836136706,517.1605189710643,20.008039240155902,0.1465795362263868,1.837895692555621,4.069538690476191
polymerJ106,"[(1, 'S6'), (2, 'S7'), (3, 'E3'), (4, 'E3'), (5, 'S9'), (6, 'S0'), (7, 'E3'), (8, 'S8'), (9, 'E2'), (10, 'S4'), (11, 'S1'), (12, 'E8'), (13, 'E4'), (14, 'S6'), (15, 'S7'), (16, 'E7'), (17, 'S6'), (18, 'E2'), (19, 'S0')]",830.0,17782.6840007706,295.61292126671486,18.667409535816724,0.1617034319023637,1.657186769547753,3.741272321428572
polymerJ107,"[(1, 'E2'), (2, 'E9'), (3, 'S7'), (4, 'E0'), (5, 'S6'), (6, 'S1'), (7, 'E0'), (8, 'S1'), (9, 'S9'), (10, 'E6'), (11, 'E3'), (12, 'E0'), (13, 'S1'), (14, 'E0'), (15, 'E1'), (16, 'S5')]",,,,,,,
polymerJ108,"[(1, 'S2'), (2, 'S4'), (3, 'E0'), (4, 'E7'), (5, 'E5'), (6, 'S0'), (7, 'E8'), (8, 'E4'), (9, 'S3'), (10, 'S0'), (11, 'S4'), (12, 'S6'), (13, 'E6'), (14, 'E7'), (15, 'S3'), (16, 'S0'), (17, 'S6'), (18, 'S5')]",830.0,12654.550151138848,414.360448392092,17.271509900774277,0.1240003757755236,1.9096386704861603,4.205193050193048
polymerJ109,"[(1, 'S4'), (2, 'S5'), (3, 'E8'), (4, 'S3'), (5, 'E4'), (6, 'S9'), (7, 'S3'), (8, 'S1'), (9, 'S9'), (10, 'S5'), (11, 'S5'), (12, 'E3'), (13, 'E6'), (14, 'S8'), (15, 'E3'), (16, 'S5'), (17, 'S8'), (18, 'S8'), (19, 'E2')]",830.0,18440.04234762844,327.6517892808636,19.96063065937587,0.1065119665459423,1.4686130974794398,3.41129120879121
polymerJ11,"[(1, 'E8'), (2, 'S5'), (3, 'E6'), (4, 'S7'), (5, 'E7'), (6, 'E6'), (7, 'E0'), (8, 'E4'), (9, 'E3'), (10, 'E2'), (11, 'S7')]",,,,,,,
polymerJ110,"[(1, 'S9'), (2, 'E9'), (3, 'E3'), (4, 'E3'), (5, 'E0'), (6, 'S0'), (7, 'S6'), (8, 'E1'), (9, 'S7'), (10, 'E6'), (11, 'S7'), (12, 'E2'), (13, 'E0'), (14, 'S0'), (15, 'E2'), (16, 'E2')]",830.0,11217.500522018112,301.4867264062765,17.40250592231751,0.122696653903115,1.7519501269496554,4.221607142857143
polymerJ111,"[(1, 'S2'), (2, 'S9'), (3, 'E0'), (4, 'E1'), (5, 'S0'), (6, 'E1'), (7, 'S6'), (8, 'S3'), (9, 'S6'), (10, 'S8'), (11, 'S0'), (12, 'E6'), (13, 'E0'), (14, 'E7'), (15, 'E3'), (16, 'S5')]",830.0,10854.156542516585,286.495931877978,19.07379620688302,0.284622795136105,1.7948112921349677,4.35781746031746
polymerJ112,"[(1, 'S5'), (2, 'S7'), (3, 'E7'), (4, 'E3'), (5, 'S5'), (6, 'E1'), (7, 'E9'), (8, 'E2'), (9, 'S7'), (10, 'S3'), (11, 'E3'), (12, 'E1'), (13, 'S8'), (14, 'S4'), (15, 'S1'), (16, 'S5'), (17, 'S7'), (18, 'E5')]",830.0,16193.634872032277,373.0391537020815,18.712103797367647,0.141536992525786,1.748147926812248,4.1561290322580655
polymerJ113,"[(1, 'S0'), (2, 'S7'), (3, 'S2'), (4, 'S9'), (5, 'S6'), (6, 'S6'), (7, 'S6'), (8, 'S6'), (9, 'S3'), (10, 'S9'), (11, 'E3'), (12, 'E5'), (13, 'S7'), (14, 'S7'), (15, 'S4'), (16, 'S4'), (17, 'E5')]",830.0,14629.695115835531,393.4768242959572,19.87816960607256,0.1688432831418629,1.389278729227779,3.4966483516483517
polymerJ114,"[(1, 'S8'), (2, 'S8'), (3, 'E2'), (4, 'E1'), (5, 'S9'), (6, 'S7'), (7, 'S2'), (8, 'E2'), (9, 'S7'), (10, 'E1'), (11, 'S1'), (12, 'E9'), (13, 'E5'), (14, 'E2'), (15, 'S6'), (16, 'S7'), (17, 'E5')]",830.0,14144.948826806303,324.60942280153773,19.967099351882943,0.1430022892316766,1.6180089857455529,3.571084656084657
polymerJ115,"[(1, 'S7'), (2, 'E3'), (3, 'E3'), (4, 'E6'), (5, 'S0'), (6, 'S5'), (7, 'E2'), (8, 'S8'), (9, 'E5'), (10, 'E9'), (11, 'S2'), (12, 'S2'), (13, 'S0'), (14, 'E0'), (15, 'S1'), (16, 'E6'), (17, 'S3')]",,,,,,,
polymerJ116,"[(1, 'E8'), (2, 'E2'), (3, 'E0'), (4, 'S2'), (5, 'E2'), (6, 'E9'), (7, 'E2'), (8, 'S1'), (9, 'S7'), (10, 'S0'), (11, 'E2'), (12, 'S9'), (13, 'E8'), (14, 'E2'), (15, 'S9'), (16, 'S4')]",,,,,,,
polymerJ117,"[(1, 'S6'), (2, 'S4'), (3, 'S7'), (4, 'S4'), (5, 'S8'), (6, 'S5'), (7, 'E5'), (8, 'S2'), (9, 'E6'), (10, 'E7'), (11, 'E0'), (12, 'E6'), (13, 'E7'), (14, 'S5'), (15, 'E4'), (16, 'E3'), (17, 'S5'), (18, 'S0'), (19, 'E0')]",830.0,14090.352235137663,304.0675886441899,18.563347193854195,0.0991678487616772,1.8639550282456283,4.166109022556392
polymerJ118,"[(1, 'S7'), (2, 'E1'), (3, 'S5'), (4, 'E5'), (5, 'E3'), (6, 'S8'), (7, 'S8'), (8, 'E4'), (9, 'E7'), (10, 'S2'), (11, 'E2'), (12, 'S4'), (13, 'S8'), (14, 'E6'), (15, 'E9'), (16, 'E9'), (17, 'S7')]",830.0,17157.368992174623,373.4542154078583,18.64817801679883,0.1506823809023221,1.7899195287170775,4.10004658385093
polymerJ119,"[(1, 'E4'), (2, 'E0'), (3, 'E8'), (4, 'E8'), (5, 'E8'), (6, 'E2'), (7, 'E2'), (8, 'E1'), (9, 'E5'), (10, 'S0'), (11, 'E4'), (12, 'E5'), (13, 'E5'), (14, 'S1'), (15, 'S2'), (16, 'S0'), (17, 'E6'), (18, 'E4'), (19, 'E8'), (20, 'E5')]",,,,,,,
polymerJ12,"[(1, 'S1'), (2, 'E8'), (3, 'E1'), (4, 'S3'), (5, 'S7'), (6, 'E0'), (7, 'S4'), (8, 'E2'), (9, 'S0'), (10, 'S4'), (11, 'E6'), (12, 'S7'), (13, 'E6'), (14, 'S5'), (15, 'E4'), (16, 'E3'), (17, 'E6'), (18, 'S2'), (19, 'E6')]",830.0,13613.8872565953,301.98910889657407,18.111599268232077,0.1245561939796349,1.7645750950852856,4.105527210884356
polymerJ120,"[(1, 'S2'), (2, 'S6'), (3, 'S1'), (4, 'E1'), (5, 'S9'), (6, 'S0'), (7, 'E9'), (8, 'E0'), (9, 'S2'), (10, 'S5'), (11, 'E8'), (12, 'E6'), (13, 'S0'), (14, 'S3'), (15, 'E7'), (16, 'S6'), (17, 'S0'), (18, 'S2'), (19, 'S3')]",830.0,12918.28841255683,294.47278912716143,18.830774700982232,0.1310756083807228,1.927024160549338,4.63073732718894
polymerJ121,"[(1, 'E4'), (2, 'S1'), (3, 'S1'), (4, 'S7'), (5, 'E4'), (6, 'E9'), (7, 'S1'), (8, 'S3'), (9, 'E7'), (10, 'S7'), (11, 'S6'), (12, 'S5'), (13, 'S8'), (14, 'S6'), (15, 'S8'), (16, 'E3'), (17, 'E9')]",830.0,16833.73913851284,367.79344712373774,18.60176678657532,0.1105144511342774,1.8890165614485197,4.267797619047618
polymerJ122,"[(1, 'E6'), (2, 'E0'), (3, 'S9'), (4, 'S3'), (5, 'S1'), (6, 'E4'), (7, 'S4'), (8, 'E5'), (9, 'S9'), (10, 'S6'), (11, 'E2'), (12, 'E7'), (13, 'E1'), (14, 'S2'), (15, 'E8'), (16, 'S9'), (17, 'E6'), (18, 'E9')]",830.0,15720.44609832461,468.7321365125217,18.75236261299678,0.1483223911830164,1.8925883252139617,4.343630952380953
polymerJ123,"[(1, 'E9'), (2, 'S9'), (3, 'E3'), (4, 'S5'), (5, 'E5'), (6, 'E4'), (7, 'E2'), (8, 'S0'), (9, 'S0'), (10, 'E1'), (11, 'S6'), (12, 'S6'), (13, 'E0'), (14, 'E2'), (15, 'S8'), (16, 'E4'), (17, 'S9'), (18, 'E9'), (19, 'S4'), (20, 'S9')]",830.0,17344.40246676167,415.2449312557469,19.242747141974316,0.1594863743372337,1.7481036121253328,4.212490842490842
polymerJ124,"[(1, 'S1'), (2, 'S0'), (3, 'S1'), (4, 'S4'), (5, 'E7'), (6, 'S6'), (7, 'S6'), (8, 'E7'), (9, 'S0'), (10, 'E8'), (11, 'S0'), (12, 'E8'), (13, 'S8'), (14, 'E6'), (15, 'E0'), (16, 'E5')]",830.0,12237.388897808913,523.15014273603,17.42691045965467,0.1562066018782988,1.8853685710173504,4.03726480836237
polymerJ125,"[(1, 'E0'), (2, 'S8'), (3, 'S4'), (4, 'S6'), (5, 'S1'), (6, 'S4'), (7, 'S3'), (8, 'S3'), (9, 'E6'), (10, 'E5'), (11, 'S6'), (12, 'E0'), (13, 'S8'), (14, 'S6'), (15, 'E5'), (16, 'E4')]",830.0,12982.117662805453,288.3291179436152,18.700339179039,0.1074331310687456,1.9646486591817691,4.40307142857143
polymerJ126,"[(1, 'S2'), (2, 'E4'), (3, 'S9'), (4, 'S5'), (5, 'S0'), (6, 'E5'), (7, 'E2'), (8, 'S7'), (9, 'S5'), (10, 'E8'), (11, 'E8'), (12, 'E3'), (13, 'S2'), (14, 'E5'), (15, 'S1'), (16, 'E2'), (17, 'S6'), (18, 'S7'), (19, 'S5')]",830.0,14159.99926237604,397.1842470516468,18.37209983553205,0.1014083027709372,1.62901387950935,3.765135135135135
polymerJ127,"[(1, 'S3'), (2, 'S6'), (3, 'S0'), (4, 'S7'), (5, 'E1'), (6, 'E3'), (7, 'S4'), (8, 'S8'), (9, 'E1'), (10, 'S2'), (11, 'S4'), (12, 'E5'), (13, 'S8'), (14, 'E4'), (15, 'E9'), (16, 'E0'), (17, 'E7'), (18, 'S1'), (19, 'E8'), (20, 'S0')]",830.0,12359.06650445698,323.0280696368114,19.867726148196628,0.1058550125166788,1.752514089649461,3.887894736842106
polymerJ128,"[(1, 'E0'), (2, 'S1'), (3, 'S2'), (4, 'E6'), (5, 'E7'), (6, 'E3'), (7, 'E8'), (8, 'E5'), (9, 'E4'), (10, 'S0'), (11, 'E5'), (12, 'E9'), (13, 'E4'), (14, 'E2'), (15, 'S0'), (16, 'E3'), (17, 'S9'), (18, 'S4'), (19, 'E5')]",,,,,,,
polymerJ129,"[(1, 'S7'), (2, 'S3'), (3, 'E3'), (4, 'E1'), (5, 'E7'), (6, 'E4'), (7, 'S9'), (8, 'S8'), (9, 'S2'), (10, 'E5'), (11, 'E1'), (12, 'S8'), (13, 'E2'), (14, 'E6'), (15, 'S9'), (16, 'E1'), (17, 'S8'), (18, 'E4'), (19, 'E2'), (20, 'S6')]",,,,,,,
polymerJ13,"[(1, 'E8'), (2, 'S8'), (3, 'E9'), (4, 'S6'), (5, 'S3'), (6, 'S2'), (7, 'E9'), (8, 'E2'), (9, 'S2'), (10, 'S7'), (11, 'S7'), (12, 'E9'), (13, 'E7'), (14, 'E7'), (15, 'S7')]",830.0,16196.705725915896,369.2390853198223,17.951465037209648,0.1067199615193375,1.938207102129947,4.474369747899159
polymerJ130,"[(1, 'E8'), (2, 'S2'), (3, 'E7'), (4, 'E6'), (5, 'S1'), (6, 'E2'), (7, 'S8'), (8, 'E8'), (9, 'E1'), (10, 'E3'), (11, 'E2'), (12, 'E1'), (13, 'S5'), (14, 'E3'), (15, 'E0'), (16, 'E9'), (17, 'E9')]",,,,,,,
polymerJ131,"[(1, 'E2'), (2, 'S9'), (3, 'S3'), (4, 'S7'), (5, 'S6'), (6, 'S6'), (7, 'E3'), (8, 'S8'), (9, 'S2'), (10, 'S6'), (11, 'E7'), (12, 'S0'), (13, 'S5'), (14, 'E1'), (15, 'S3'), (16, 'S7')]",830.0,14611.966427054473,372.4542599474863,19.48281074660165,0.117048894386452,1.1984641188354737,2.480549450549451
polymerJ132,"[(1, 'E5'), (2, 'E8'), (3, 'E4'), (4, 'E6'), (5, 'E5'), (6, 'S7'), (7, 'S4'), (8, 'E8'), (9, 'S5'), (10, 'E0'), (11, 'E8'), (12, 'E9'), (13, 'E1'), (14, 'S9'), (15, 'E7'), (16, 'S1'), (17, 'E1')]",830.0,13205.506216234404,401.8329257890125,17.52465933459146,0.1269115670555408,1.7779606324350965,3.5571543778801846
polymerJ133,"[(1, 'E6'), (2, 'S2'), (3, 'E5'), (4, 'S8'), (5, 'E1'), (6, 'S5'), (7, 'S9'), (8, 'E3'), (9, 'S9'), (10, 'E3'), (11, 'S1'), (12, 'E2'), (13, 'E5'), (14, 'E4'), (15, 'S6'), (16, 'E4'), (17, 'S4')]",830.0,14996.641186814437,346.6384189923052,18.14694289616176,0.1630783555323166,1.686684261781111,3.7613852813852815
polymerJ134,"[(1, 'S0'), (2, 'S1'), (3, 'S9'), (4, 'E7'), (5, 'E2'), (6, 'S7'), (7, 'S7'), (8, 'E0'), (9, 'S6'), (10, 'E6'), (11, 'S0'), (12, 'E1'), (13, 'E3'), (14, 'E1'), (15, 'E4'), (16, 'S7'), (17, 'E8'), (18, 'S9')]",830.0,15536.339947086602,391.1461843649632,18.881503479821333,0.1186684184711338,1.8460437786455368,4.054285714285715
polymerJ135,"[(1, 'E6'), (2, 'S0'), (3, 'S5'), (4, 'S8'), (5, 'E4'), (6, 'E8'), (7, 'E0'), (8, 'S6'), (9, 'S9'), (10, 'S2'), (11, 'E9'), (12, 'E1'), (13, 'S1'), (14, 'S1'), (15, 'S4'), (16, 'E3')]",830.0,13168.540875895786,293.26668406630574,17.318299951553342,0.1114303560100986,1.8580660762390977,4.132718894009217
polymerJ136,"[(1, 'E5'), (2, 'E2'), (3, 'S6'), (4, 'S5'), (5, 'E8'), (6, 'E0'), (7, 'E1'), (8, 'E5'), (9, 'E1'), (10, 'S2'), (11, 'E6'), (12, 'E7'), (13, 'E3'), (14, 'S1'), (15, 'S5'), (16, 'E7'), (17, 'S6'), (18, 'E7'), (19, 'E0')]",830.0,13029.265186775869,323.79279319262366,16.961237523896358,0.1329003764625088,1.774411026013113,3.8385027472527473
polymerJ137,"[(1, 'S3'), (2, 'E5'), (3, 'E6'), (4, 'E1'), (5, 'E7'), (6, 'E8'), (7, 'E3'), (8, 'E4'), (9, 'S4'), (10, 'E8'), (11, 'E9'), (12, 'E9'), (13, 'E7'), (14, 'E5'), (15, 'S6'), (16, 'E8'), (17, 'E7'), (18, 'E1'), (19, 'E2'), (20, 'E1')]",,,,,,,
polymerJ138,"[(1, 'E0'), (2, 'E7'), (3, 'S8'), (4, 'S0'), (5, 'S0'), (6, 'S8'), (7, 'S1'), (8, 'S7'), (9, 'E7'), (10, 'E1'), (11, 'E3'), (12, 'E2'), (13, 'S5'), (14, 'E2'), (15, 'S3'), (16, 'E5'), (17, 'S9'), (18, 'S4'), (19, 'S9'), (20, 'S7')]",830.0,16903.54280138568,306.01097518284297,20.219405712400164,0.1152064724579357,1.802153250986156,3.962460317460317
polymerJ139,"[(1, 'E6'), (2, 'S5'), (3, 'S9'), (4, 'E4'), (5, 'S6'), (6, 'E4'), (7, 'S8'), (8, 'S4'), (9, 'S9'), (10, 'E4'), (11, 'E2'), (12, 'E8'), (13, 'S8'), (14, 'E0'), (15, 'S6'), (16, 'E2'), (17, 'S1'), (18, 'E8'), (19, 'S4'), (20, 'S9')]",830.0,20969.20991586664,501.205875667608,20.22807387215751,0.119330661448717,1.7382740314793417,4.063496240601504
polymerJ14,"[(1, 'E6'), (2, 'E5'), (3, 'E9'), (4, 'E9'), (5, 'E5'), (6, 'E9'), (7, 'E4'), (8, 'E0'), (9, 'E8'), (10, 'E8'), (11, 'S2'), (12, 'E7'), (13, 'E4')]",,,,,,,
polymerJ140,"[(1, 'S2'), (2, 'E6'), (3, 'S0'), (4, 'E5'), (5, 'E8'), (6, 'E1'), (7, 'S3'), (8, 'E1'), (9, 'E9'), (10, 'E3'), (11, 'E3'), (12, 'S6'), (13, 'E7'), (14, 'E6'), (15, 'S8'), (16, 'S8')]",830.0,12642.199559261644,408.472398504472,17.514241008077356,0.1776353901985743,1.800278277490237,3.905451895043731
polymerJ141,"[(1, 'S5'), (2, 'S5'), (3, 'S5'), (4, 'S7'), (5, 'S1'), (6, 'E1'), (7, 'E7'), (8, 'E1'), (9, 'E0'), (10, 'E8'), (11, 'E7'), (12, 'S4'), (13, 'E3'), (14, 'E4'), (15, 'S3'), (16, 'E6'), (17, 'S7'), (18, 'S2'), (19, 'E1')]",830.0,13170.079624547245,273.6516350739709,18.223899413517547,0.1015013982055348,1.8249832965746289,4.172725563909774
polymerJ142,"[(1, 'E6'), (2, 'S6'), (3, 'S9'), (4, 'E2'), (5, 'S0'), (6, 'S3'), (7, 'S1'), (8, 'E6'), (9, 'S5'), (10, 'E9'), (11, 'S1'), (12, 'S9'), (13, 'S2'), (14, 'E6'), (15, 'E2'), (16, 'E8'), (17, 'S7'), (18, 'S7'), (19, 'E3')]",830.0,17381.038608368846,340.61486591267044,19.523817891393392,0.1640558368436553,1.774392293569332,4.000969387755103
polymerJ143,"[(1, 'E3'), (2, 'S9'), (3, 'S3'), (4, 'S9'), (5, 'E3'), (6, 'S1'), (7, 'S1'), (8, 'E4'), (9, 'E8'), (10, 'E2'), (11, 'S7'), (12, 'E9'), (13, 'E7'), (14, 'E0'), (15, 'E3'), (16, 'E8'), (17, 'S5'), (18, 'S6'), (19, 'S5'), (20, 'S5')]",830.0,16551.7434434232,401.1049735737572,19.051060033525737,0.147981260648749,1.85420136410717,4.2341185410334345
polymerJ144,"[(1, 'E3'), (2, 'E3'), (3, 'S6'), (4, 'S8'), (5, 'S1'), (6, 'S0'), (7, 'E7'), (8, 'E0'), (9, 'S0'), (10, 'S5'), (11, 'S7'), (12, 'E8'), (13, 'E6'), (14, 'S4'), (15, 'S7'), (16, 'E8'), (17, 'S7'), (18, 'S3'), (19, 'E0')]",830.0,17250.612832912564,354.9012044462812,18.792670266287665,0.1858832345701455,1.821905671555683,4.226816326530613
polymerJ145,"[(1, 'S1'), (2, 'E9'), (3, 'E8'), (4, 'E4'), (5, 'E7'), (6, 'E2'), (7, 'E2'), (8, 'S2'), (9, 'E1'), (10, 'S3'), (11, 'S9'), (12, 'E8'), (13, 'E3'), (14, 'S9'), (15, 'E6'), (16, 'E6')]",,,,,,,
polymerJ146,"[(1, 'S2'), (2, 'S4'), (3, 'S0'), (4, 'S9'), (5, 'E5'), (6, 'S4'), (7, 'E5'), (8, 'S8'), (9, 'E1'), (10, 'E8'), (11, 'S5'), (12, 'S0'), (13, 'E9'), (14, 'S4'), (15, 'E4'), (16, 'S9'), (17, 'S5')]",830.0,16046.858547518315,276.9459440905107,19.19761127880641,0.1287344554242583,1.839849000864848,4.27625
polymerJ147,"[(1, 'S4'), (2, 'E1'), (3, 'S8'), (4, 'E2'), (5, 'S3'), (6, 'E9'), (7, 'E6'), (8, 'E4'), (9, 'E0'), (10, 'S3'), (11, 'S3'), (12, 'S4'), (13, 'S1'), (14, 'S7'), (15, 'S9'), (16, 'S9'), (17, 'S5')]",830.0,13684.719946791363,245.96209760471905,19.506769311087464,0.1397910026182425,1.9889041822070948,4.32159090909091
polymerJ148,"[(1, 'S0'), (2, 'S3'), (3, 'S7'), (4, 'S8'), (5, 'E5'), (6, 'E4'), (7, 'S6'), (8, 'E8'), (9, 'S3'), (10, 'E0'), (11, 'S5'), (12, 'E1'), (13, 'S2'), (14, 'S7'), (15, 'S5'), (16, 'S6'), (17, 'E3'), (18, 'E0')]",830.0,14138.383880889623,355.2620230631746,19.215815642220623,0.1514786407477363,1.6746469540261455,3.903163265306124
polymerJ149,"[(1, 'S2'), (2, 'S4'), (3, 'E8'), (4, 'S2'), (5, 'S8'), (6, 'E9'), (7, 'E3'), (8, 'E1'), (9, 'S8'), (10, 'E6'), (11, 'E3'), (12, 'S3'), (13, 'S3'), (14, 'E4'), (15, 'S6'), (16, 'S0'), (17, 'S2')]",830.0,14551.85127939832,346.03571158637016,18.133441242490505,0.1560309729659752,1.8765941771760608,4.43292016806723
polymerJ15,"[(1, 'E1'), (2, 'S1'), (3, 'E5'), (4, 'E2'), (5, 'S3'), (6, 'E8'), (7, 'S3'), (8, 'S5'), (9, 'E7'), (10, 'S6'), (11, 'E7'), (12, 'S0'), (13, 'S8')]",,,,,,,
polymerJ150,"[(1, 'E6'), (2, 'E8'), (3, 'S7'), (4, 'S5'), (5, 'E4'), (6, 'S1'), (7, 'E6'), (8, 'S3'), (9, 'S4'), (10, 'S7'), (11, 'E4'), (12, 'S3'), (13, 'S6'), (14, 'E4'), (15, 'S4'), (16, 'E4'), (17, 'S4'), (18, 'E0')]",830.0,14971.067585470088,314.5069705693822,18.469562821388244,0.1923805745203108,1.674710735521956,4.006666666666666
polymerJ151,"[(1, 'E3'), (2, 'S3'), (3, 'E4'), (4, 'S4'), (5, 'E5'), (6, 'S9'), (7, 'S0'), (8, 'E8'), (9, 'S6'), (10, 'E4'), (11, 'E3'), (12, 'S3'), (13, 'E0'), (14, 'S5'), (15, 'E2'), (16, 'S2'), (17, 'E1'), (18, 'E4'), (19, 'E6')]",830.0,14014.102922903843,311.2480981181695,17.72787792682647,0.1244069460391085,1.7286443683801411,4.001553571428572
polymerJ152,"[(1, 'S4'), (2, 'S6'), (3, 'E2'), (4, 'S5'), (5, 'E6'), (6, 'S7'), (7, 'S1'), (8, 'E4'), (9, 'E5'), (10, 'E7'), (11, 'E5'), (12, 'S3'), (13, 'S6'), (14, 'S2'), (15, 'S2'), (16, 'S1'), (17, 'S8'), (18, 'E3')]",830.0,14473.213638312123,412.79151268347147,18.336220038958963,0.1895898935776667,1.6916766134078094,4.1080580357142855
polymerJ153,"[(1, 'E3'), (2, 'S4'), (3, 'S0'), (4, 'E5'), (5, 'S8'), (6, 'E3'), (7, 'S7'), (8, 'S3'), (9, 'S8'), (10, 'S1'), (11, 'E4'), (12, 'S0'), (13, 'S1'), (14, 'E4'), (15, 'E1'), (16, 'S9'), (17, 'E4'), (18, 'E4')]",830.0,13966.151592471278,242.52070489540327,17.684561922209607,0.1182897101977984,1.7203782865229742,3.877295918367346
polymerJ154,"[(1, 'E2'), (2, 'E3'), (3, 'S7'), (4, 'E4'), (5, 'S5'), (6, 'S8'), (7, 'S4'), (8, 'S6'), (9, 'E3'), (10, 'S3'), (11, 'E7'), (12, 'S5'), (13, 'S0'), (14, 'S1'), (15, 'E5'), (16, 'S5'), (17, 'S5'), (18, 'E8'), (19, 'S0'), (20, 'E4')]",830.0,17801.640731213494,328.57304191309726,17.310846683638434,0.1010140288090399,1.7427230705555947,4.0522222222222215
polymerJ155,"[(1, 'S2'), (2, 'E5'), (3, 'E0'), (4, 'S8'), (5, 'S5'), (6, 'S9'), (7, 'S1'), (8, 'S6'), (9, 'E9'), (10, 'S0'), (11, 'S0'), (12, 'S8'), (13, 'E7'), (14, 'E7'), (15, 'E1'), (16, 'E5'), (17, 'S7'), (18, 'E3'), (19, 'S8'), (20, 'E9')]",830.0,17668.529145493998,408.2901162472729,19.00488736833845,0.1253742373616988,1.911747731934027,4.211335403726709
polymerJ156,"[(1, 'S3'), (2, 'S5'), (3, 'E8'), (4, 'E1'), (5, 'E2'), (6, 'S7'), (7, 'S2'), (8, 'E5'), (9, 'E2'), (10, 'S6'), (11, 'S9'), (12, 'S8'), (13, 'S3'), (14, 'E9'), (15, 'E7'), (16, 'E6')]",830.0,15131.341868660576,335.5438330384493,18.544892561095104,0.1504334327235164,1.9244663168205387,4.408196428571428
polymerJ157,"[(1, 'E1'), (2, 'S7'), (3, 'S4'), (4, 'S3'), (5, 'E5'), (6, 'E8'), (7, 'E1'), (8, 'E4'), (9, 'S9'), (10, 'E1'), (11, 'E4'), (12, 'S5'), (13, 'S4'), (14, 'E3'), (15, 'S3'), (16, 'E5')]",,,,,,,
polymerJ158,"[(1, 'E7'), (2, 'E4'), (3, 'S1'), (4, 'E4'), (5, 'E0'), (6, 'S1'), (7, 'S2'), (8, 'E9'), (9, 'E3'), (10, 'S5'), (11, 'S5'), (12, 'S4'), (13, 'S7'), (14, 'S2'), (15, 'E8'), (16, 'E7')]",830.0,12528.06674889718,303.2681852238489,16.51876439775739,0.1268200605793973,1.8418820360438384,4.342789115646257
polymerJ159,"[(1, 'S9'), (2, 'S2'), (3, 'S8'), (4, 'S9'), (5, 'S5'), (6, 'S0'), (7, 'E2'), (8, 'E7'), (9, 'E3'), (10, 'E7'), (11, 'E9'), (12, 'S7'), (13, 'E6'), (14, 'E4'), (15, 'S1'), (16, 'E7'), (17, 'S0'), (18, 'S2'), (19, 'S5')]",830.0,14780.3830333888,370.14452152925446,19.375543804168704,0.1114835363963166,1.942444194439934,4.581777777777778
polymerJ16,"[(1, 'E6'), (2, 'E5'), (3, 'S9'), (4, 'E0'), (5, 'S4'), (6, 'S2'), (7, 'S6'), (8, 'S9'), (9, 'E8'), (10, 'E2'), (11, 'E0'), (12, 'S6')]",830.0,12429.217304515572,375.2504967050264,17.42119308607919,0.1675360052873208,1.9360110436994933,4.512074829931974
polymerJ160,"[(1, 'E0'), (2, 'E1'), (3, 'S9'), (4, 'E3'), (5, 'S6'), (6, 'S9'), (7, 'E9'), (8, 'S0'), (9, 'S5'), (10, 'S6'), (11, 'E3'), (12, 'S3'), (13, 'S1'), (14, 'S3'), (15, 'S7'), (16, 'S3'), (17, 'E6'), (18, 'E1'), (19, 'S5'), (20, 'S6')]",830.0,16549.26751322247,300.22385118015825,19.697553322655818,0.1029320891610391,1.2977149524313951,2.9171118012422363
polymerJ161,"[(1, 'E1'), (2, 'S9'), (3, 'S3'), (4, 'E0'), (5, 'S9'), (6, 'S9'), (7, 'S9'), (8, 'S4'), (9, 'S9'), (10, 'S8'), (11, 'E4'), (12, 'E9'), (13, 'S6'), (14, 'E4'), (15, 'S6'), (16, 'S4'), (17, 'E3'), (18, 'S3'), (19, 'S8'), (20, 'S3')]",830.0,20531.618752089573,298.3341178150087,21.459976391111105,0.1412550393761693,1.7425572391807016,4.65952380952381
polymerJ162,"[(1, 'S1'), (2, 'S7'), (3, 'E2'), (4, 'E9'), (5, 'S2'), (6, 'S1'), (7, 'E3'), (8, 'S7'), (9, 'E1'), (10, 'S2'), (11, 'S3'), (12, 'S2'), (13, 'S4'), (14, 'E8'), (15, 'S1'), (16, 'E9'), (17, 'S4'), (18, 'E3'), (19, 'S4'), (20, 'S2')]",830.0,16112.610126206002,303.1175950247942,17.6959537921633,0.1712847955349327,1.843795480918182,4.380734693877549
polymerJ163,"[(1, 'E3'), (2, 'E4'), (3, 'E9'), (4, 'E2'), (5, 'E9'), (6, 'S5'), (7, 'E4'), (8, 'S8'), (9, 'E3'), (10, 'S2'), (11, 'E1'), (12, 'S6'), (13, 'E7'), (14, 'E5'), (15, 'E7'), (16, 'E9'), (17, 'S3'), (18, 'E3')]",,,,,,,
polymerJ164,"[(1, 'S7'), (2, 'S6'), (3, 'E7'), (4, 'S6'), (5, 'S6'), (6, 'E9'), (7, 'E9'), (8, 'S1'), (9, 'S8'), (10, 'E2'), (11, 'E8'), (12, 'E8'), (13, 'S8'), (14, 'S0'), (15, 'E7'), (16, 'E6'), (17, 'S4'), (18, 'E5')]",830.0,17112.445377100874,402.0687746775075,19.401199689592637,0.2381426275524955,1.854360206060464,4.09106557377049
polymerJ165,"[(1, 'S5'), (2, 'E6'), (3, 'E9'), (4, 'S7'), (5, 'S5'), (6, 'S6'), (7, 'E8'), (8, 'S3'), (9, 'E4'), (10, 'S1'), (11, 'S7'), (12, 'E3'), (13, 'S9'), (14, 'E6'), (15, 'S9'), (16, 'E7'), (17, 'S3'), (18, 'S5'), (19, 'E1'), (20, 'E9')]",830.0,21401.34382260112,396.4359557813797,19.9409057535444,0.1256255323887856,1.883465164464022,4.181185983827493
polymerJ166,"[(1, 'E0'), (2, 'S6'), (3, 'E2'), (4, 'E8'), (5, 'S4'), (6, 'E6'), (7, 'S3'), (8, 'S5'), (9, 'E0'), (10, 'E3'), (11, 'S9'), (12, 'E0'), (13, 'E9'), (14, 'S3'), (15, 'E4'), (16, 'E9'), (17, 'E7'), (18, 'E4')]",830.0,14350.912291595989,383.5560997968898,17.36598660400936,0.119601671648989,1.792853690840446,4.062554945054946
polymerJ167,"[(1, 'E0'), (2, 'E9'), (3, 'S1'), (4, 'S4'), (5, 'E6'), (6, 'S6'), (7, 'E0'), (8, 'S5'), (9, 'S8'), (10, 'S9'), (11, 'S5'), (12, 'S1'), (13, 'S5'), (14, 'E3'), (15, 'E4'), (16, 'E9'), (17, 'E8'), (18, 'E9'), (19, 'E4')]",830.0,14835.346876845806,450.7139541914074,18.60285301276616,0.1331660536597227,1.9225705345142643,4.108241758241757
polymerJ168,"[(1, 'E7'), (2, 'E9'), (3, 'E5'), (4, 'E3'), (5, 'E8'), (6, 'S2'), (7, 'S2'), (8, 'S9'), (9, 'E6'), (10, 'E1'), (11, 'S3'), (12, 'S2'), (13, 'E5'), (14, 'S7'), (15, 'E0'), (16, 'S7'), (17, 'E4'), (18, 'E9'), (19, 'S0'), (20, 'E9')]",830.0,15396.12613829814,471.2937100607495,19.224479127611435,0.1087175290341258,1.8681136257757585,4.05103896103896
polymerJ169,"[(1, 'S6'), (2, 'E7'), (3, 'S4'), (4, 'E7'), (5, 'S8'), (6, 'S2'), (7, 'E5'), (8, 'E4'), (9, 'S9'), (10, 'E0'), (11, 'E2'), (12, 'S7'), (13, 'E5'), (14, 'S2'), (15, 'E6'), (16, 'E0'), (17, 'E5'), (18, 'S4'), (19, 'E2'), (20, 'E2')]",830.0,16435.00238286492,331.86119315806866,18.69326188428061,0.1372828140663927,1.7606414187788992,3.749793650793651
polymerJ17,"[(1, 'S5'), (2, 'S1'), (3, 'S8'), (4, 'S1'), (5, 'E9'), (6, 'E5'), (7, 'S9'), (8, 'E9'), (9, 'E6'), (10, 'E2'), (11, 'S6'), (12, 'S8'), (13, 'E1'), (14, 'E1'), (15, 'E6'), (16, 'S7'), (17, 'E0'), (18, 'E6'), (19, 'S9')]",830.0,17514.02465239811,351.3699414551029,19.426868103572307,0.1402984016732421,1.873032918598163,3.986253968253969
polymerJ170,"[(1, 'E8'), (2, 'E5'), (3, 'E1'), (4, 'E8'), (5, 'S6'), (6, 'S9'), (7, 'S1'), (8, 'S1'), (9, 'S3'), (10, 'E5'), (11, 'S3'), (12, 'S3'), (13, 'E6'), (14, 'S9'), (15, 'E5'), (16, 'S1'), (17, 'S9'), (18, 'E5'), (19, 'S7'), (20, 'S7')]",830.0,17362.884279061804,260.8847769941715,19.6221152809688,0.1219650228699341,1.7472154633536034,3.8878405315614617
polymerJ171,"[(1, 'E5'), (2, 'S5'), (3, 'S7'), (4, 'E6'), (5, 'E8'), (6, 'S5'), (7, 'S9'), (8, 'E6'), (9, 'S6'), (10, 'E6'), (11, 'E0'), (12, 'E6'), (13, 'S1'), (14, 'E0'), (15, 'S3'), (16, 'E1'), (17, 'E8'), (18, 'S5'), (19, 'S9')]",830.0,17949.25725105511,360.4564008339741,19.06038586548397,0.1336383944145817,1.849785395307434,4.100791925465839
polymerJ172,"[(1, 'S3'), (2, 'S6'), (3, 'S1'), (4, 'S7'), (5, 'S5'), (6, 'E5'), (7, 'E9'), (8, 'E4'), (9, 'E2'), (10, 'E5'), (11, 'S6'), (12, 'S8'), (13, 'S8'), (14, 'E6'), (15, 'E5'), (16, 'E7'), (17, 'S9')]",830.0,17063.330243641336,386.67499831006415,18.511106529917036,0.0956620455615331,1.905203711769232,4.373355481727575
polymerJ173,"[(1, 'S6'), (2, 'E4'), (3, 'S8'), (4, 'E5'), (5, 'S0'), (6, 'E5'), (7, 'E6'), (8, 'S0'), (9, 'E1'), (10, 'E0'), (11, 'E1'), (12, 'E7'), (13, 'E6'), (14, 'E8'), (15, 'S5'), (16, 'E3'), (17, 'S6'), (18, 'S0'), (19, 'E7'), (20, 'S9')]",830.0,14892.257235070363,374.5480202048335,18.311322363444734,0.1302292167616215,1.7078759099194751,3.758221024258762
polymerJ174,"[(1, 'S0'), (2, 'S4'), (3, 'S8'), (4, 'S2'), (5, 'S6'), (6, 'E9'), (7, 'E0'), (8, 'S5'), (9, 'E8'), (10, 'S8'), (11, 'S7'), (12, 'S0'), (13, 'S7'), (14, 'E5'), (15, 'E2'), (16, 'E6'), (17, 'S4'), (18, 'S1')]",830.0,15933.471530887728,280.7596111879906,18.518515387262617,0.161707745232732,1.8408870447091787,4.321119047619047
polymerJ175,"[(1, 'S8'), (2, 'S9'), (3, 'E2'), (4, 'E1'), (5, 'S4'), (6, 'E3'), (7, 'E2'), (8, 'S0'), (9, 'E8'), (10, 'S1'), (11, 'E1'), (12, 'S1'), (13, 'S3'), (14, 'E5'), (15, 'S8'), (16, 'S1'), (17, 'E6'), (18, 'E5'), (19, 'E6')]",,,,,,,
polymerJ176,"[(1, 'S2'), (2, 'S4'), (3, 'E7'), (4, 'E7'), (5, 'S1'), (6, 'E5'), (7, 'E7'), (8, 'E0'), (9, 'S9'), (10, 'E1'), (11, 'E3'), (12, 'S2'), (13, 'E5'), (14, 'S3'), (15, 'E4'), (16, 'E2'), (17, 'S8'), (18, 'E4'), (19, 'S7')]",830.0,14440.464172824968,320.181020937494,18.252883215631755,0.1495187512569239,1.7894536464868034,3.946460317460318
polymerJ177,"[(1, 'S0'), (2, 'E1'), (3, 'E5'), (4, 'E9'), (5, 'E4'), (6, 'E8'), (7, 'S4'), (8, 'E4'), (9, 'S3'), (10, 'S5'), (11, 'E1'), (12, 'E7'), (13, 'E4'), (14, 'E9'), (15, 'S3'), (16, 'E5'), (17, 'S3')]",,,,,,,
polymerJ178,"[(1, 'E6'), (2, 'S6'), (3, 'S6'), (4, 'E7'), (5, 'S9'), (6, 'E1'), (7, 'E9'), (8, 'S3'), (9, 'S2'), (10, 'E9'), (11, 'E6'), (12, 'E8'), (13, 'E5'), (14, 'S4'), (15, 'E6'), (16, 'S8'), (17, 'E2'), (18, 'E5')]",830.0,16234.821663840814,538.8352366148127,18.108160320009507,0.1290296875528706,1.8058614362843053,4.112500000000002
polymerJ179,"[(1, 'E8'), (2, 'S4'), (3, 'S1'), (4, 'S4'), (5, 'E2'), (6, 'S9'), (7, 'E4'), (8, 'E0'), (9, 'E4'), (10, 'E4'), (11, 'S7'), (12, 'S1'), (13, 'E3'), (14, 'E8'), (15, 'E3'), (16, 'S9'), (17, 'E7'), (18, 'S3')]",830.0,15030.268638300053,347.6134778066907,18.18389632838112,0.1245687170948222,1.8198551706298745,4.079933554817277
polymerJ18,"[(1, 'E5'), (2, 'E2'), (3, 'E2'), (4, 'E8'), (5, 'S9'), (6, 'E4'), (7, 'S2'), (8, 'E0'), (9, 'S2'), (10, 'S0'), (11, 'S2'), (12, 'E0')]",,,,,,,
polymerJ180,"[(1, 'S2'), (2, 'S2'), (3, 'S6'), (4, 'E0'), (5, 'S4'), (6, 'S6'), (7, 'E9'), (8, 'S6'), (9, 'E4'), (10, 'E4'), (11, 'E6'), (12, 'E3'), (13, 'S8'), (14, 'S9'), (15, 'E7'), (16, 'S9')]",830.0,15713.499170302586,333.3393020690878,18.89904635497501,0.1171607999234274,1.8915736195987796,4.378463203463204
polymerJ181,"[(1, 'S6'), (2, 'E4'), (3, 'S1'), (4, 'S4'), (5, 'S0'), (6, 'S2'), (7, 'E4'), (8, 'S0'), (9, 'E7'), (10, 'S4'), (11, 'S4'), (12, 'S2'), (13, 'E3'), (14, 'E6'), (15, 'E0'), (16, 'E1'), (17, 'E0'), (18, 'S5'), (19, 'E6')]",830.0,12393.111730313309,273.90092047039565,16.987448740686688,0.1540701495652002,1.735013053610298,3.8908064516129017
polymerJ182,"[(1, 'E6'), (2, 'S7'), (3, 'S5'), (4, 'E1'), (5, 'E8'), (6, 'E8'), (7, 'S5'), (8, 'S6'), (9, 'S9'), (10, 'S1'), (11, 'E0'), (12, 'S2'), (13, 'S6'), (14, 'S5'), (15, 'E3'), (16, 'E3'), (17, 'S8'), (18, 'E6'), (19, 'E4'), (20, 'S4')]",830.0,18358.650740576373,392.3257252480599,18.49380288260324,0.1059428710447567,1.825995537317872,4.401355311355312
polymerJ183,"[(1, 'E0'), (2, 'S2'), (3, 'E0'), (4, 'S3'), (5, 'S4'), (6, 'S0'), (7, 'S0'), (8, 'E8'), (9, 'S0'), (10, 'S2'), (11, 'E8'), (12, 'E5'), (13, 'E4'), (14, 'E0'), (15, 'E8'), (16, 'E2'), (17, 'E5'), (18, 'S8'), (19, 'E9'), (20, 'E7')]",830.0,11407.867375048996,360.39484623179015,17.19073895590646,0.1140965906758564,1.8498228322723675,3.84934948979592
polymerJ184,"[(1, 'S3'), (2, 'S4'), (3, 'E8'), (4, 'S1'), (5, 'E4'), (6, 'E1'), (7, 'E8'), (8, 'S7'), (9, 'E9'), (10, 'S4'), (11, 'S6'), (12, 'E8'), (13, 'S2'), (14, 'S7'), (15, 'S8'), (16, 'S3')]",830.0,14477.213211431834,332.16617082922625,18.513466050965445,0.0994481066111376,1.9021051957732007,4.39092105263158
polymerJ185,"[(1, 'E1'), (2, 'S6'), (3, 'S4'), (4, 'S3'), (5, 'E7'), (6, 'S9'), (7, 'S8'), (8, 'S1'), (9, 'E1'), (10, 'E0'), (11, 'S7'), (12, 'S1'), (13, 'S7'), (14, 'E5'), (15, 'E3'), (16, 'E6'), (17, 'E8')]",830.0,13255.322162761302,282.74853061500306,19.612066647665834,0.1441460122513882,1.7306923716359712,4.249746543778801
polymerJ186,"[(1, 'E9'), (2, 'E9'), (3, 'E7'), (4, 'E7'), (5, 'S2'), (6, 'E1'), (7, 'E9'), (8, 'E8'), (9, 'E8'), (10, 'S0'), (11, 'E2'), (12, 'S8'), (13, 'E9'), (14, 'E5'), (15, 'S8'), (16, 'E5')]",,,,,,,
polymerJ187,"[(1, 'E2'), (2, 'E1'), (3, 'S7'), (4, 'E6'), (5, 'S3'), (6, 'S0'), (7, 'E7'), (8, 'E2'), (9, 'S3'), (10, 'S2'), (11, 'E1'), (12, 'S4'), (13, 'E8'), (14, 'E1'), (15, 'S6'), (16, 'S7')]",830.0,11947.203291648471,395.81176761780455,18.129504198346822,0.1517285584597771,1.7353031565428598,4.33905612244898
polymerJ188,"[(1, 'S5'), (2, 'E5'), (3, 'E6'), (4, 'S3'), (5, 'E8'), (6, 'E9'), (7, 'S7'), (8, 'E7'), (9, 'S5'), (10, 'S2'), (11, 'E5'), (12, 'E3'), (13, 'E6'), (14, 'E6'), (15, 'S4'), (16, 'S4'), (17, 'S3'), (18, 'S3'), (19, 'S2'), (20, 'S5')]",830.0,16470.56932510208,385.0377985881945,18.580926513671876,0.1776455336493522,1.8903722081504024,4.132363636363636
polymerJ189,"[(1, 'S3'), (2, 'E6'), (3, 'S6'), (4, 'E1'), (5, 'S7'), (6, 'E9'), (7, 'E8'), (8, 'E9'), (9, 'E6'), (10, 'S8'), (11, 'S5'), (12, 'E4'), (13, 'S0'), (14, 'E1'), (15, 'S5'), (16, 'E3'), (17, 'S1'), (18, 'E9'), (19, 'S6')]",830.0,17127.281559099625,414.97091332408047,18.7348436328343,0.1149604655735008,1.899285382274168,4.3249617346938765
polymerJ19,"[(1, 'S6'), (2, 'E3'), (3, 'S4'), (4, 'S5'), (5, 'E4'), (6, 'S2'), (7, 'S2'), (8, 'S9'), (9, 'E2'), (10, 'S1'), (11, 'S4'), (12, 'S2'), (13, 'E5'), (14, 'E6'), (15, 'E8'), (16, 'E0'), (17, 'S6')]",,,,,,,
polymerJ190,"[(1, 'E7'), (2, 'S4'), (3, 'S4'), (4, 'S0'), (5, 'S1'), (6, 'E8'), (7, 'E2'), (8, 'S9'), (9, 'S1'), (10, 'S0'), (11, 'S3'), (12, 'E8'), (13, 'E2'), (14, 'E6'), (15, 'E7'), (16, 'E0'), (17, 'E4'), (18, 'E4'), (19, 'S3'), (20, 'E6')]",830.0,13020.81148741427,397.161596202459,17.395174982207163,0.125171879015656,1.8145552085050545,4.0712433862433866
polymerJ191,"[(1, 'E5'), (2, 'S7'), (3, 'S9'), (4, 'S4'), (5, 'S0'), (6, 'E5'), (7, 'E0'), (8, 'E2'), (9, 'E0'), (10, 'S1'), (11, 'E4'), (12, 'S2'), (13, 'E1'), (14, 'S2'), (15, 'E1'), (16, 'S8')]",,,,,,,
polymerJ192,"[(1, 'E5'), (2, 'S2'), (3, 'E1'), (4, 'S8'), (5, 'E7'), (6, 'E9'), (7, 'S7'), (8, 'E4'), (9, 'E0'), (10, 'S6'), (11, 'S2'), (12, 'E0'), (13, 'E9'), (14, 'E9'), (15, 'E3'), (16, 'S4'), (17, 'S1'), (18, 'E1'), (19, 'E6')]",,,,,,,
polymerJ193,"[(1, 'E0'), (2, 'S3'), (3, 'E9'), (4, 'E8'), (5, 'S4'), (6, 'E8'), (7, 'S7'), (8, 'E5'), (9, 'S5'), (10, 'S6'), (11, 'S4'), (12, 'S2'), (13, 'E7'), (14, 'E9'), (15, 'E7'), (16, 'S3'), (17, 'S7'), (18, 'E5'), (19, 'E3')]",830.0,17516.134137453875,463.6499470465949,17.58784920283726,0.1261724580598597,1.897221371245776,4.160491803278688
polymerJ194,"[(1, 'E7'), (2, 'E5'), (3, 'S8'), (4, 'E2'), (5, 'E2'), (6, 'E8'), (7, 'E0'), (8, 'S8'), (9, 'E7'), (10, 'S1'), (11, 'S0'), (12, 'E9'), (13, 'S6'), (14, 'E7'), (15, 'E7'), (16, 'S9'), (17, 'S7'), (18, 'E5')]",830.0,15903.419762582917,416.0854016449104,19.072020899908885,0.1516791362945388,1.821327097715712,4.200048426150122
polymerJ195,"[(1, 'S3'), (2, 'S9'), (3, 'E5'), (4, 'S1'), (5, 'E6'), (6, 'E5'), (7, 'S9'), (8, 'E7'), (9, 'S4'), (10, 'S4'), (11, 'S1'), (12, 'S3'), (13, 'E7'), (14, 'E5'), (15, 'E0'), (16, 'E9'), (17, 'E1'), (18, 'S2'), (19, 'S1'), (20, 'S8')]",830.0,15903.90531069438,390.3463743497565,18.692846644265316,0.1352377769616756,1.858546026520422,3.975920634920635
polymerJ196,"[(1, 'E9'), (2, 'E3'), (3, 'E8'), (4, 'E1'), (5, 'S6'), (6, 'S0'), (7, 'E0'), (8, 'S3'), (9, 'S5'), (10, 'E0'), (11, 'S5'), (12, 'E4'), (13, 'E6'), (14, 'E1'), (15, 'E1'), (16, 'E3'), (17, 'S7'), (18, 'E0')]",,,,,,,
polymerJ197,"[(1, 'E6'), (2, 'E1'), (3, 'S0'), (4, 'S4'), (5, 'E0'), (6, 'S6'), (7, 'E2'), (8, 'S1'), (9, 'S0'), (10, 'E7'), (11, 'S1'), (12, 'E9'), (13, 'S9'), (14, 'S0'), (15, 'E2'), (16, 'E7'), (17, 'S7')]",,,,,,,
polymerJ198,"[(1, 'E8'), (2, 'S4'), (3, 'S4'), (4, 'S1'), (5, 'S0'), (6, 'S0'), (7, 'E6'), (8, 'S8'), (9, 'E4'), (10, 'E9'), (11, 'S4'), (12, 'S2'), (13, 'E3'), (14, 'S1'), (15, 'S5'), (16, 'S8')]",830.0,12511.962555906402,335.99358389107294,18.102508948871066,0.1180436287840226,1.8562456289005824,4.307452380952381
polymerJ199,"[(1, 'E4'), (2, 'E0'), (3, 'E1'), (4, 'S7'), (5, 'S9'), (6, 'E5'), (7, 'S4'), (8, 'S8'), (9, 'E7'), (10, 'S1'), (11, 'S1'), (12, 'S5'), (13, 'S7'), (14, 'E6'), (15, 'S9'), (16, 'S1'), (17, 'S9'), (18, 'S6')]",830.0,16407.249800946218,380.7998217738354,19.969421498434883,0.1326454269511779,1.5681595871061127,3.561055900621118
polymerJ2,"[(1, 'E9'), (2, 'E8'), (3, 'S6'), (4, 'E8'), (5, 'S3'), (6, 'E7'), (7, 'E0'), (8, 'S6'), (9, 'E9'), (10, 'E4'), (11, 'E1'), (12, 'E0')]",,,,,,,
polymerJ20,"[(1, 'S6'), (2, 'E9'), (3, 'S1'), (4, 'E5'), (5, 'E3'), (6, 'E9'), (7, 'S4'), (8, 'S8'), (9, 'E2'), (10, 'E2'), (11, 'E4'), (12, 'E7')]",,,,,,,
polymerJ200,"[(1, 'E8'), (2, 'S9'), (3, 'S2'), (4, 'E7'), (5, 'E3'), (6, 'E7'), (7, 'E0'), (8, 'E7'), (9, 'E5'), (10, 'E2'), (11, 'E4'), (12, 'S6'), (13, 'S3'), (14, 'S7'), (15, 'E5'), (16, 'S4'), (17, 'E6')]",830.0,14404.925883277783,330.8357415968168,17.52931318146842,0.128200036536595,1.718216802498252,3.952539682539684
polymerJ201,"[(1, 'E4'), (2, 'S7'), (3, 'E4'), (4, 'S6'), (5, 'E9'), (6, 'E9'), (7, 'S0'), (8, 'S4'), (9, 'S2'), (10, 'S9'), (11, 'E0'), (12, 'E9'), (13, 'E8'), (14, 'E2'), (15, 'S7'), (16, 'S9'), (17, 'E3'), (18, 'S5'), (19, 'S2'), (20, 'E9')]",830.0,18197.46135962632,440.4608332367752,18.64252725056239,0.1417856684863263,1.887207181119973,4.1749498746867175
polymerJ202,"[(1, 'S8'), (2, 'S0'), (3, 'E0'), (4, 'S7'), (5, 'S3'), (6, 'E6'), (7, 'E2'), (8, 'S9'), (9, 'E6'), (10, 'S8'), (11, 'E4'), (12, 'S4'), (13, 'E2'), (14, 'S6'), (15, 'S0'), (16, 'E3'), (17, 'E3'), (18, 'E2')]",830.0,14207.243644615435,324.64294153769464,18.108588282040188,0.1105303150533132,1.804569860994124,4.020433673469387
polymerJ203,"[(1, 'S9'), (2, 'S3'), (3, 'E4'), (4, 'E1'), (5, 'S8'), (6, 'E8'), (7, 'E0'), (8, 'E3'), (9, 'S6'), (10, 'S7'), (11, 'S8'), (12, 'E5'), (13, 'E4'), (14, 'S2'), (15, 'S5'), (16, 'E4'), (17, 'S2'), (18, 'S2'), (19, 'E2')]",830.0,16679.10285130088,433.4722576402978,19.27044724191938,0.1703564863192825,1.7064965525797464,3.8195161290322575
polymerJ204,"[(1, 'E9'), (2, 'S3'), (3, 'S1'), (4, 'S1'), (5, 'E7'), (6, 'S1'), (7, 'E5'), (8, 'E6'), (9, 'S1'), (10, 'S5'), (11, 'E4'), (12, 'S1'), (13, 'S4'), (14, 'E4'), (15, 'E1'), (16, 'E5')]",830.0,10544.040313050493,273.89720964946343,15.554323871476315,0.1423579483073138,1.7664549724849283,4.017804878048779
polymerJ205,"[(1, 'S9'), (2, 'S9'), (3, 'S1'), (4, 'S3'), (5, 'E3'), (6, 'E5'), (7, 'S5'), (8, 'E4'), (9, 'S4'), (10, 'S2'), (11, 'E0'), (12, 'E9'), (13, 'S1'), (14, 'S6'), (15, 'S3'), (16, 'S4'), (17, 'S5'), (18, 'E9'), (19, 'S9'), (20, 'S7')]",830.0,17709.483888626793,328.60207505691346,20.714082046236317,0.1261338775233315,1.59785968539469,3.4828333333333337
polymerJ206,"[(1, 'E7'), (2, 'S2'), (3, 'E0'), (4, 'E6'), (5, 'S6'), (6, 'E9'), (7, 'E0'), (8, 'E2'), (9, 'E5'), (10, 'E0'), (11, 'S6'), (12, 'S6'), (13, 'S9'), (14, 'S4'), (15, 'E6'), (16, 'E2'), (17, 'S0')]",830.0,12667.316034210502,367.9249664725392,17.29056932040624,0.1191030038032991,1.8740175669875556,4.3318725868725885
polymerJ207,"[(1, 'E4'), (2, 'E8'), (3, 'S4'), (4, 'E9'), (5, 'E1'), (6, 'E8'), (7, 'S7'), (8, 'S7'), (9, 'S1'), (10, 'E8'), (11, 'E2'), (12, 'E1'), (13, 'E1'), (14, 'S8'), (15, 'E0'), (16, 'S7'), (17, 'E8'), (18, 'S9')]",830.0,15137.892206289762,425.892876270879,18.359664842060635,0.1066633675950366,1.8464589961832696,4.244314285714286
polymerJ208,"[(1, 'E2'), (2, 'E8'), (3, 'S5'), (4, 'E9'), (5, 'E1'), (6, 'S2'), (7, 'S3'), (8, 'S8'), (9, 'S0'), (10, 'S4'), (11, 'S1'), (12, 'S9'), (13, 'E5'), (14, 'S0'), (15, 'E0'), (16, 'E7'), (17, 'S9')]",830.0,13508.452006289664,359.11445009759154,18.562200260162356,0.1134205236883652,1.9434859588715208,4.143571428571431
polymerJ209,"[(1, 'S9'), (2, 'S4'), (3, 'E2'), (4, 'E1'), (5, 'E1'), (6, 'E4'), (7, 'E7'), (8, 'E7'), (9, 'E7'), (10, 'E6'), (11, 'S6'), (12, 'S4'), (13, 'S9'), (14, 'E2'), (15, 'E7'), (16, 'S9')]",830.0,13790.001854373968,349.4286208389788,18.63362426621574,0.2068042849411243,1.829635988848035,4.009870129870131
polymerJ21,"[(1, 'S9'), (2, 'S8'), (3, 'S1'), (4, 'E8'), (5, 'E2'), (6, 'E8'), (7, 'S2'), (8, 'E0'), (9, 'S3'), (10, 'E1'), (11, 'S1'), (12, 'S9'), (13, 'E3'), (14, 'E2'), (15, 'E7'), (16, 'E3'), (17, 'E2')]",830.0,12441.657422429957,268.1175366991208,17.529794332640506,0.1734276784487295,1.7788871786807023,4.088234126984127
polymerJ210,"[(1, 'E3'), (2, 'S8'), (3, 'E7'), (4, 'E1'), (5, 'E4'), (6, 'S0'), (7, 'E9'), (8, 'S6'), (9, 'S8'), (10, 'S5'), (11, 'S7'), (12, 'S8'), (13, 'S1'), (14, 'E7'), (15, 'S0'), (16, 'E5'), (17, 'S7'), (18, 'E1')]",830.0,16008.74776016664,326.26178162428323,18.438555804661345,0.0985487877521473,1.8252195512191427,4.211196911196912
polymerJ211,"[(1, 'S3'), (2, 'E1'), (3, 'S1'), (4, 'S0'), (5, 'S3'), (6, 'E4'), (7, 'S8'), (8, 'E8'), (9, 'E5'), (10, 'E5'), (11, 'E3'), (12, 'E6'), (13, 'E4'), (14, 'E6'), (15, 'E3'), (16, 'S8'), (17, 'E4'), (18, 'S0'), (19, 'E1'), (20, 'E9')]",,,,,,,
polymerJ212,"[(1, 'S1'), (2, 'E9'), (3, 'S6'), (4, 'S9'), (5, 'S3'), (6, 'E4'), (7, 'E8'), (8, 'E7'), (9, 'S5'), (10, 'E2'), (11, 'S5'), (12, 'E2'), (13, 'E2'), (14, 'E7'), (15, 'S4'), (16, 'E0'), (17, 'S8'), (18, 'S0')]",830.0,14780.966990910709,421.2616201531733,18.16876982688904,0.1868489473618298,1.8888967766880933,4.180557491289199
polymerJ213,"[(1, 'E9'), (2, 'E3'), (3, 'E6'), (4, 'E9'), (5, 'S4'), (6, 'S1'), (7, 'S9'), (8, 'E7'), (9, 'E3'), (10, 'S0'), (11, 'E9'), (12, 'E6'), (13, 'S8'), (14, 'S9'), (15, 'E3'), (16, 'E9'), (17, 'S4')]",830.0,15393.347278574449,493.9705149122673,18.3297596509116,0.1196129212184691,1.856005651022592,4.200167410714286
polymerJ214,"[(1, 'S0'), (2, 'S2'), (3, 'S0'), (4, 'S6'), (5, 'S3'), (6, 'E4'), (7, 'E2'), (8, 'S9'), (9, 'E7'), (10, 'E1'), (11, 'E7'), (12, 'E9'), (13, 'E9'), (14, 'S1'), (15, 'S4'), (16, 'E1'), (17, 'S8')]",830.0,12522.523994314355,413.33706278712464,17.893632140159607,0.1347122073807552,1.9341100789872336,4.079999999999999
polymerJ215,"[(1, 'S1'), (2, 'S9'), (3, 'E5'), (4, 'S6'), (5, 'E3'), (6, 'S0'), (7, 'E8'), (8, 'E0'), (9, 'S2'), (10, 'E8'), (11, 'E8'), (12, 'S7'), (13, 'S1'), (14, 'E8'), (15, 'S0'), (16, 'E6'), (17, 'E8')]",830.0,13024.66237528708,429.2819016847864,18.55257680756705,0.2007270065026149,1.839656770523304,3.897116402116402
polymerJ216,"[(1, 'S0'), (2, 'E5'), (3, 'S3'), (4, 'S5'), (5, 'E4'), (6, 'S2'), (7, 'S3'), (8, 'E9'), (9, 'E9'), (10, 'S6'), (11, 'S5'), (12, 'E3'), (13, 'E2'), (14, 'E0'), (15, 'E9'), (16, 'E7')]",,,,,,,
polymerJ217,"[(1, 'E6'), (2, 'E9'), (3, 'E5'), (4, 'E9'), (5, 'S1'), (6, 'S6'), (7, 'S1'), (8, 'E7'), (9, 'E3'), (10, 'E8'), (11, 'E7'), (12, 'E8'), (13, 'E8'), (14, 'E5'), (15, 'S5'), (16, 'E7')]",,,,,,,
polymerJ218,"[(1, 'E9'), (2, 'S6'), (3, 'E2'), (4, 'E2'), (5, 'S5'), (6, 'S7'), (7, 'S1'), (8, 'E0'), (9, 'E0'), (10, 'E7'), (11, 'S0'), (12, 'E2'), (13, 'E1'), (14, 'S0'), (15, 'S9'), (16, 'E7'), (17, 'E6'), (18, 'E1'), (19, 'S9'), (20, 'S4')]",830.0,14838.69605709314,371.5087026299014,17.840219595091686,0.1376342539013297,1.8187034957011052,4.039536679536679
polymerJ219,"[(1, 'E8'), (2, 'S1'), (3, 'E8'), (4, 'S4'), (5, 'E3'), (6, 'E9'), (7, 'S8'), (8, 'E3'), (9, 'E2'), (10, 'E7'), (11, 'E9'), (12, 'S0'), (13, 'E2'), (14, 'S3'), (15, 'E6'), (16, 'S7'), (17, 'E5'), (18, 'S0'), (19, 'E5'), (20, 'S1')]",830.0,14477.442297356578,499.9224099397542,17.045656779834207,0.1323093590258871,1.7968104136454772,3.8959061833688695
polymerJ22,"[(1, 'E0'), (2, 'E6'), (3, 'E4'), (4, 'S7'), (5, 'E1'), (6, 'S7'), (7, 'E2'), (8, 'E2'), (9, 'S0'), (10, 'E9'), (11, 'E4'), (12, 'S4'), (13, 'S2'), (14, 'E8'), (15, 'E7'), (16, 'S7'), (17, 'E7')]",,,,,,,
polymerJ220,"[(1, 'S0'), (2, 'E4'), (3, 'S9'), (4, 'S0'), (5, 'E0'), (6, 'S9'), (7, 'S3'), (8, 'E4'), (9, 'S2'), (10, 'S6'), (11, 'S7'), (12, 'S7'), (13, 'S1'), (14, 'S4'), (15, 'E4'), (16, 'S0'), (17, 'S3')]",830.0,12092.2078084722,262.90475209421504,19.08562764712742,0.1694436911718319,1.0800120685757433,2.4547619047619054
polymerJ221,"[(1, 'E3'), (2, 'S2'), (3, 'S1'), (4, 'E6'), (5, 'E2'), (6, 'S2'), (7, 'E7'), (8, 'S7'), (9, 'S7'), (10, 'S9'), (11, 'S4'), (12, 'E9'), (13, 'S7'), (14, 'S0'), (15, 'E9'), (16, 'S2'), (17, 'E0'), (18, 'E2')]",830.0,14344.804700815414,297.3233782516855,17.837378553662983,0.1059603876449433,1.8713692286337331,4.332932330827067
polymerJ222,"[(1, 'S8'), (2, 'E3'), (3, 'E6'), (4, 'S9'), (5, 'E9'), (6, 'E6'), (7, 'E4'), (8, 'E0'), (9, 'S3'), (10, 'E7'), (11, 'S3'), (12, 'S4'), (13, 'E6'), (14, 'E3'), (15, 'S7'), (16, 'E3'), (17, 'E1'), (18, 'S4')]",830.0,15137.2910305661,289.95694600846593,18.128967582838868,0.1353140673494578,1.778961590425816,4.100342261904763
polymerJ223,"[(1, 'S7'), (2, 'E4'), (3, 'S9'), (4, 'E9'), (5, 'S3'), (6, 'E8'), (7, 'E5'), (8, 'E1'), (9, 'E0'), (10, 'E8'), (11, 'E4'), (12, 'E4'), (13, 'S9'), (14, 'S9'), (15, 'E8'), (16, 'E1'), (17, 'E0'), (18, 'S2')]",830.0,15304.395985077608,451.6034786474031,18.615633830342976,0.1550952619745152,1.858690913324616,4.093612637362637
polymerJ224,"[(1, 'S6'), (2, 'E4'), (3, 'E9'), (4, 'S6'), (5, 'E7'), (6, 'E2'), (7, 'S1'), (8, 'S1'), (9, 'S3'), (10, 'S7'), (11, 'S8'), (12, 'S6'), (13, 'E4'), (14, 'E4'), (15, 'S1'), (16, 'E7'), (17, 'E4')]",830.0,14068.536025305197,307.99595053046824,17.129448618207658,0.1052896940595071,1.8560975313786008,4.324599303135888
polymerJ225,"[(1, 'S6'), (2, 'E6'), (3, 'E1'), (4, 'S8'), (5, 'E1'), (6, 'E0'), (7, 'S0'), (8, 'S9'), (9, 'S0'), (10, 'S4'), (11, 'S1'), (12, 'E1'), (13, 'S4'), (14, 'S9'), (15, 'S0'), (16, 'E9'), (17, 'E6')]",830.0,12274.910488095691,297.8704086966028,19.127688337734767,0.1577120127675971,1.9131259668652585,4.2524702380952375
polymerJ226,"[(1, 'E8'), (2, 'E0'), (3, 'E8'), (4, 'S7'), (5, 'S1'), (6, 'E3'), (7, 'S7'), (8, 'S7'), (9, 'S3'), (10, 'S6'), (11, 'S8'), (12, 'S7'), (13, 'E2'), (14, 'E4'), (15, 'E8'), (16, 'E9'), (17, 'S1')]",830.0,15421.357161418638,489.166728813314,18.68121975830623,0.1298056397331231,1.8941828626092492,4.386921768707484
polymerJ227,"[(1, 'S0'), (2, 'E5'), (3, 'E3'), (4, 'S2'), (5, 'E6'), (6, 'S5'), (7, 'E7'), (8, 'E3'), (9, 'E6'), (10, 'S8'), (11, 'E7'), (12, 'E3'), (13, 'S2'), (14, 'E9'), (15, 'E9'), (16, 'S5'), (17, 'S1')]",830.0,13347.475584524307,350.341225419177,16.461214327130996,0.2247468075207206,1.76857730309913,4.125221674876849
polymerJ228,"[(1, 'E7'), (2, 'S8'), (3, 'S8'), (4, 'E1'), (5, 'S8'), (6, 'S4'), (7, 'S9'), (8, 'S5'), (9, 'S3'), (10, 'S8'), (11, 'S2'), (12, 'S0'), (13, 'E1'), (14, 'S3'), (15, 'E8'), (16, 'E9'), (17, 'E0'), (18, 'E5'), (19, 'S1'), (20, 'S4')]",830.0,15747.80712320052,315.4851150711206,20.22973709515162,0.1594898004293445,1.8432029302474184,4.146935483870967
polymerJ229,"[(1, 'S7'), (2, 'S8'), (3, 'S3'), (4, 'E5'), (5, 'E0'), (6, 'S8'), (7, 'E8'), (8, 'E6'), (9, 'E7'), (10, 'S9'), (11, 'S5'), (12, 'S6'), (13, 'S0'), (14, 'E5'), (15, 'S0'), (16, 'E5'), (17, 'S3'), (18, 'S8')]",830.0,17357.67349753681,335.51525479197534,19.76705629757472,0.1558066670696863,1.855531276147494,4.166884920634919
polymerJ23,"[(1, 'S8'), (2, 'E2'), (3, 'S7'), (4, 'E2'), (5, 'E5'), (6, 'E7'), (7, 'S5'), (8, 'E8'), (9, 'S0'), (10, 'E8'), (11, 'S6'), (12, 'E5')]",830.0,10904.467228427067,388.106901733192,17.5015462255478,0.1851238695740028,1.888642491594706,4.432046332046332
polymerJ230,"[(1, 'S5'), (2, 'S8'), (3, 'E8'), (4, 'S7'), (5, 'S6'), (6, 'E3'), (7, 'E9'), (8, 'E8'), (9, 'E4'), (10, 'E8'), (11, 'E6'), (12, 'E8'), (13, 'E4'), (14, 'S6'), (15, 'E2'), (16, 'S0')]",830.0,14179.96765291593,498.1434688343236,17.759186230387,0.1082078027914088,1.8125808168680455,3.9908452380952393
polymerJ231,"[(1, 'S1'), (2, 'E3'), (3, 'E2'), (4, 'E7'), (5, 'S6'), (6, 'S7'), (7, 'S9'), (8, 'S0'), (9, 'S8'), (10, 'E0'), (11, 'E7'), (12, 'S6'), (13, 'E3'), (14, 'S5'), (15, 'E6'), (16, 'E6')]",830.0,13890.56127945665,358.5531878471439,18.19398225852421,0.1155043696374872,1.8644606855611008,4.156344537815125
polymerJ232,"[(1, 'E0'), (2, 'S3'), (3, 'E7'), (4, 'E4'), (5, 'E4'), (6, 'E7'), (7, 'S3'), (8, 'E5'), (9, 'E5'), (10, 'E0'), (11, 'E8'), (12, 'S7'), (13, 'E4'), (14, 'E6'), (15, 'S7'), (16, 'S9')]",,,,,,,
polymerJ233,"[(1, 'E1'), (2, 'S6'), (3, 'S0'), (4, 'E1'), (5, 'E2'), (6, 'E7'), (7, 'E1'), (8, 'S0'), (9, 'E2'), (10, 'E8'), (11, 'S8'), (12, 'E6'), (13, 'S0'), (14, 'S1'), (15, 'S7'), (16, 'S5'), (17, 'S9'), (18, 'S3')]",830.0,12016.638468698897,360.5639346765801,18.78927996907915,0.226767827547213,1.857763628500896,4.263341836734694
polymerJ234,"[(1, 'E8'), (2, 'E2'), (3, 'E8'), (4, 'S3'), (5, 'E1'), (6, 'E5'), (7, 'S1'), (8, 'S5'), (9, 'E3'), (10, 'E9'), (11, 'E1'), (12, 'E7'), (13, 'S8'), (14, 'S1'), (15, 'E0'), (16, 'E1'), (17, 'S4'), (18, 'S2'), (19, 'E8')]",,,,,,,
polymerJ235,"[(1, 'S0'), (2, 'E0'), (3, 'E8'), (4, 'E4'), (5, 'S7'), (6, 'S5'), (7, 'E9'), (8, 'E2'), (9, 'E0'), (10, 'S6'), (11, 'E3'), (12, 'S4'), (13, 'E6'), (14, 'E6'), (15, 'S1'), (16, 'S4'), (17, 'S7'), (18, 'E3'), (19, 'S7')]",830.0,14871.257209133342,337.61701137955555,19.148996359280176,0.1451403896872463,1.80343579488567,3.8430836236933783
polymerJ236,"[(1, 'E0'), (2, 'S9'), (3, 'E9'), (4, 'S2'), (5, 'S8'), (6, 'E7'), (7, 'E7'), (8, 'E0'), (9, 'S6'), (10, 'E2'), (11, 'S3'), (12, 'S3'), (13, 'E3'), (14, 'S6'), (15, 'E6'), (16, 'E2')]",830.0,14090.768419143653,311.2926230243752,17.471041140556338,0.1268542561670101,1.8018059961756263,4.505119047619049
polymerJ237,"[(1, 'E1'), (2, 'S4'), (3, 'S4'), (4, 'E7'), (5, 'E2'), (6, 'E5'), (7, 'E1'), (8, 'S1'), (9, 'E8'), (10, 'E4'), (11, 'E8'), (12, 'S5'), (13, 'E0'), (14, 'E4'), (15, 'S3'), (16, 'E3'), (17, 'E4'), (18, 'S7'), (19, 'S2')]",830.0,13607.015044987082,389.5131747113599,17.38080084664481,0.1463857166977123,1.7606135539551977,3.9941945288753793
polymerJ238,"[(1, 'E6'), (2, 'E3'), (3, 'E5'), (4, 'S5'), (5, 'E4'), (6, 'S2'), (7, 'S4'), (8, 'E7'), (9, 'S8'), (10, 'E5'), (11, 'E4'), (12, 'S2'), (13, 'E0'), (14, 'S9'), (15, 'E7'), (16, 'E1'), (17, 'S3'), (18, 'S2'), (19, 'S3'), (20, 'E7')]",830.0,15859.449518966132,264.1923136659935,17.57540816511427,0.1191709517219356,1.774036747784944,3.901632653061225
polymerJ239,"[(1, 'S7'), (2, 'E8'), (3, 'S9'), (4, 'S9'), (5, 'S1'), (6, 'S9'), (7, 'E1'), (8, 'S2'), (9, 'E2'), (10, 'E8'), (11, 'S7'), (12, 'S1'), (13, 'E3'), (14, 'S4')]",830.0,14269.89965115773,337.710370382999,18.776812242099226,0.1039451579582076,1.755603067164312,3.936136363636363
polymerJ24,"[(1, 'S2'), (2, 'S6'), (3, 'E3'), (4, 'E7'), (5, 'S1'), (6, 'S1'), (7, 'S8'), (8, 'S4'), (9, 'E5'), (10, 'S9'), (11, 'E0'), (12, 'E7'), (13, 'E1'), (14, 'E4'), (15, 'E6'), (16, 'E0'), (17, 'S8'), (18, 'E5'), (19, 'E4'), (20, 'S4')]",830.0,16035.39659288784,428.6390969472212,18.587363627297535,0.1130501568067387,1.8032304495820828,3.979251700680272
polymerJ240,"[(1, 'S6'), (2, 'S7'), (3, 'S0'), (4, 'S5'), (5, 'E9'), (6, 'E0'), (7, 'E8'), (8, 'E3'), (9, 'E2'), (10, 'S6'), (11, 'E6'), (12, 'S2')]",830.0,9543.89866120368,341.6405464083347,17.341643188340317,0.1531948529279496,1.9277957109018975,4.126454081632653
polymerJ241,"[(1, 'E9'), (2, 'S6'), (3, 'S5'), (4, 'S6'), (5, 'S0'), (6, 'S1'), (7, 'E3'), (8, 'S0'), (9, 'E4'), (10, 'S3'), (11, 'S2')]",,,,,,,
polymerJ242,"[(1, 'S4'), (2, 'S7'), (3, 'S4'), (4, 'E9'), (5, 'E8'), (6, 'S2'), (7, 'E2'), (8, 'E8'), (9, 'E6'), (10, 'E4'), (11, 'E9'), (12, 'S0'), (13, 'E0'), (14, 'S4')]",,,,,,,
polymerJ243,"[(1, 'S1'), (2, 'E2'), (3, 'S4'), (4, 'E1'), (5, 'E4'), (6, 'E4'), (7, 'S6'), (8, 'E3'), (9, 'E3'), (10, 'E4')]",,,,,,,
polymerJ244,"[(1, 'S2'), (2, 'E6'), (3, 'S8'), (4, 'S6'), (5, 'E3'), (6, 'S6'), (7, 'E8'), (8, 'E8'), (9, 'S1'), (10, 'S2'), (11, 'S4'), (12, 'E5'), (13, 'S5')]",830.0,13518.729805789602,298.305003159067,16.856667288371497,0.128834343402302,1.950183015931726,4.447285714285714
polymerJ245,"[(1, 'E9'), (2, 'S3'), (3, 'E3'), (4, 'E3'), (5, 'S1'), (6, 'S0'), (7, 'E4'), (8, 'S2'), (9, 'E8'), (10, 'E0')]",,,,,,,
polymerJ246,"[(1, 'E4'), (2, 'S8'), (3, 'E0'), (4, 'S0'), (5, 'S6'), (6, 'S0'), (7, 'S1'), (8, 'S9'), (9, 'E3'), (10, 'S3'), (11, 'S0'), (12, 'S7'), (13, 'E4'), (14, 'S4'), (15, 'S5')]",830.0,12108.816629108796,284.71906468074934,18.310793326241622,0.1611680604985208,1.3160325946672142,2.742077922077921
polymerJ247,"[(1, 'S6'), (2, 'E3'), (3, 'S3'), (4, 'S2'), (5, 'E1'), (6, 'S1'), (7, 'E1'), (8, 'E8'), (9, 'E2'), (10, 'E9'), (11, 'E3'), (12, 'S0'), (13, 'E9')]",,,,,,,
polymerJ248,"[(1, 'E1'), (2, 'E2'), (3, 'E5'), (4, 'S9'), (5, 'E8'), (6, 'E5'), (7, 'E3'), (8, 'E6'), (9, 'E8'), (10, 'S9'), (11, 'E3'), (12, 'E2')]",830.0,9155.626634948623,353.6363639648453,16.72798943110875,0.1793165439976927,1.7224207776795415,3.763671096345516
polymerJ249,"[(1, 'S4'), (2, 'E3'), (3, 'E7'), (4, 'S5'), (5, 'S5'), (6, 'S7'), (7, 'S5'), (8, 'S4'), (9, 'S3'), (10, 'E9')]",830.0,11423.449355202729,315.40773167217884,16.253806439127235,0.0963647120158298,1.9953000319162664,4.28736842105263
polymerJ25,"[(1, 'S1'), (2, 'E2'), (3, 'E9'), (4, 'E9'), (5, 'S6'), (6, 'S6'), (7, 'E3'), (8, 'S6'), (9, 'E3'), (10, 'S9'), (11, 'S0'), (12, 'S2')]",830.0,10729.484306615985,440.223440699097,16.956966145379198,0.1483411074613501,1.9003156987449683,4.521236263736265
polymerJ250,"[(1, 'S5'), (2, 'S3'), (3, 'E7'), (4, 'S3'), (5, 'S6'), (6, 'S2'), (7, 'E6'), (8, 'S3'), (9, 'E7'), (10, 'S9'), (11, 'S3')]",830.0,12037.740369260677,276.351200618102,16.63081206594194,0.1772665004830557,1.904107263357516,4.410571428571429
polymerJ251,"[(1, 'E6'), (2, 'S7'), (3, 'S5'), (4, 'S6'), (5, 'S9'), (6, 'E4'), (7, 'E3'), (8, 'S7'), (9, 'E4'), (10, 'E4'), (11, 'S1'), (12, 'S2')]",830.0,12862.847872872511,251.25491399098192,16.351322796004162,0.1212327561656165,1.8675221973600515,4.214285714285714
polymerJ252,"[(1, 'S2'), (2, 'S3'), (3, 'E0'), (4, 'S9'), (5, 'E3'), (6, 'E4'), (7, 'E3'), (8, 'S3'), (9, 'S0'), (10, 'S8'), (11, 'S9'), (12, 'S0'), (13, 'E6')]",830.0,11194.352759301357,240.1208421536923,16.986916261400495,0.1870515097869312,1.9441556645775409,4.190223214285713
polymerJ253,"[(1, 'E2'), (2, 'S1'), (3, 'S8'), (4, 'E0'), (5, 'E1'), (6, 'E2'), (7, 'E0'), (8, 'S6'), (9, 'E2'), (10, 'E9'), (11, 'S5'), (12, 'E9'), (13, 'S3'), (14, 'S7')]",,,,,,,
polymerJ254,"[(1, 'S4'), (2, 'S6'), (3, 'E6'), (4, 'S7'), (5, 'S7'), (6, 'E8'), (7, 'S2'), (8, 'S0'), (9, 'S1'), (10, 'S9')]",830.0,11024.082104759713,269.0722636248675,17.683514368193492,0.1605537459639738,1.9142102522940527,4.487959183673469
polymerJ255,"[(1, 'S1'), (2, 'S7'), (3, 'E0'), (4, 'S5'), (5, 'S4'), (6, 'E9'), (7, 'S7'), (8, 'S2'), (9, 'E7'), (10, 'E4'), (11, 'E2')]",830.0,9014.3238190687,242.7257936609816,16.476812742778236,0.1868191035445429,1.9791630083013416,4.538181818181817
polymerJ256,"[(1, 'S5'), (2, 'E1'), (3, 'S5'), (4, 'S8'), (5, 'E6'), (6, 'E6'), (7, 'E7'), (8, 'S6'), (9, 'S5'), (10, 'E5'), (11, 'E9'), (12, 'S8'), (13, 'E2')]",830.0,13262.087981583918,347.0405503537212,17.285201319285804,0.092108454474467,1.8361842224180125,4.2175198412698425
polymerJ257,"[(1, 'E6'), (2, 'S4'), (3, 'S4'), (4, 'S2'), (5, 'S0'), (6, 'S6'), (7, 'S4'), (8, 'S2'), (9, 'S8'), (10, 'S1'), (11, 'E6'), (12, 'E4'), (13, 'S8'), (14, 'S7'), (15, 'S3')]",830.0,15323.152156148251,284.7285154104155,17.512632749421254,0.109254210245373,1.9371237546643267,4.72200892857143
polymerJ258,"[(1, 'E0'), (2, 'E5'), (3, 'S3'), (4, 'E5'), (5, 'S7'), (6, 'E2'), (7, 'S7'), (8, 'S7'), (9, 'E0'), (10, 'E3'), (11, 'S7'), (12, 'S6'), (13, 'E4'), (14, 'E5'), (15, 'E3')]",830.0,13501.516642074568,288.9153049239346,17.28960237571172,0.107589662799068,1.7650465940896116,4.260264550264551
polymerJ259,"[(1, 'S4'), (2, 'S0'), (3, 'S7'), (4, 'E3'), (5, 'S0'), (6, 'S7'), (7, 'E8'), (8, 'E9'), (9, 'E6'), (10, 'S0')]",,,,,,,
polymerJ26,"[(1, 'S9'), (2, 'E1'), (3, 'S5'), (4, 'S9'), (5, 'S8'), (6, 'S7'), (7, 'S5'), (8, 'S1'), (9, 'E1'), (10, 'E9'), (11, 'S5'), (12, 'S4'), (13, 'S3'), (14, 'E4'), (15, 'E9'), (16, 'S9')]",830.0,15212.87561489307,438.276982491116,20.43437171799796,0.1429763737022941,1.893481266155322,4.231071428571427
polymerJ260,"[(1, 'E4'), (2, 'E8'), (3, 'E3'), (4, 'S7'), (5, 'E6'), (6, 'E8'), (7, 'E7'), (8, 'E8'), (9, 'S9'), (10, 'S9')]",830.0,10587.057405758933,343.2550361288665,17.15803559712001,0.1352667691078225,1.8743236241406755,4.089707792207794
polymerJ261,"[(1, 'E5'), (2, 'E4'), (3, 'E5'), (4, 'S9'), (5, 'S3'), (6, 'S1'), (7, 'E5'), (8, 'S9'), (9, 'E3'), (10, 'S6'), (11, 'E4')]",830.0,10424.812600158531,242.7810867171715,16.52323889187404,0.1200928937933528,1.8387027737910808,4.039917582417582
polymerJ262,"[(1, 'E9'), (2, 'S0'), (3, 'S2'), (4, 'E4'), (5, 'S4'), (6, 'S4'), (7, 'E5'), (8, 'E2'), (9, 'S3'), (10, 'S5'), (11, 'E4'), (12, 'E6')]",,,,,,,
polymerJ263,"[(1, 'E8'), (2, 'E0'), (3, 'S4'), (4, 'S6'), (5, 'E3'), (6, 'E8'), (7, 'E5'), (8, 'E6'), (9, 'E7'), (10, 'S9'), (11, 'S1'), (12, 'E0'), (13, 'S5')]",,,,,,,
polymerJ264,"[(1, 'S4'), (2, 'E5'), (3, 'S0'), (4, 'S8'), (5, 'S8'), (6, 'E3'), (7, 'S1'), (8, 'E3'), (9, 'S2'), (10, 'S8'), (11, 'S4'), (12, 'E8'), (13, 'E4'), (14, 'S6'), (15, 'S7')]",830.0,15189.458122498632,290.18085644798623,18.15189684799739,0.2321895010885899,1.7410018945381884,4.054254658385093
polymerJ265,"[(1, 'E0'), (2, 'E1'), (3, 'E6'), (4, 'E9'), (5, 'S0'), (6, 'S1'), (7, 'S5'), (8, 'S5'), (9, 'E2'), (10, 'E7'), (11, 'S2'), (12, 'E0'), (13, 'E6'), (14, 'E8')]",,,,,,,
polymerJ266,"[(1, 'S7'), (2, 'E6'), (3, 'E0'), (4, 'E3'), (5, 'E7'), (6, 'S3'), (7, 'S8'), (8, 'E3'), (9, 'S3'), (10, 'S3'), (11, 'S9'), (12, 'S4'), (13, 'S1'), (14, 'S4')]",,,,,,,
polymerJ267,"[(1, 'E3'), (2, 'S8'), (3, 'E5'), (4, 'E4'), (5, 'E2'), (6, 'S8'), (7, 'E5'), (8, 'S4'), (9, 'S8'), (10, 'E2'), (11, 'S0')]",,,,,,,
polymerJ268,"[(1, 'E4'), (2, 'E5'), (3, 'E5'), (4, 'S8'), (5, 'E1'), (6, 'S1'), (7, 'E1'), (8, 'E8'), (9, 'S0'), (10, 'S2'), (11, 'E2'), (12, 'E6')]",,,,,,,
polymerJ269,"[(1, 'E2'), (2, 'S5'), (3, 'S7'), (4, 'E6'), (5, 'S1'), (6, 'E9'), (7, 'E4'), (8, 'E9'), (9, 'E1'), (10, 'E2'), (11, 'E4'), (12, 'E1'), (13, 'E3'), (14, 'S2')]",,,,,,,
polymerJ27,"[(1, 'S1'), (2, 'S4'), (3, 'S8'), (4, 'S8'), (5, 'S2'), (6, 'E8'), (7, 'E1'), (8, 'E1'), (9, 'S2'), (10, 'E8'), (11, 'E6'), (12, 'E4'), (13, 'E1'), (14, 'E0'), (15, 'E5')]",,,,,,,
polymerJ270,"[(1, 'E5'), (2, 'E7'), (3, 'S6'), (4, 'S2'), (5, 'S7'), (6, 'S4'), (7, 'E0'), (8, 'S2'), (9, 'S6'), (10, 'S4'), (11, 'E5'), (12, 'S5'), (13, 'S8'), (14, 'E1')]",830.0,12683.163459130676,239.89835819476787,17.89665032659259,0.1112393251651818,1.712958372510238,3.999285714285716
polymerJ271,"[(1, 'S2'), (2, 'E8'), (3, 'S6'), (4, 'S1'), (5, 'S0'), (6, 'S9'), (7, 'E1'), (8, 'E3'), (9, 'S7'), (10, 'S5'), (11, 'S4'), (12, 'E9'), (13, 'S8'), (14, 'E9'), (15, 'E9')]",830.0,14287.81443716254,324.78299017399246,18.38687189919608,0.1337180474447085,1.9332858258105945,4.391282051282052
polymerJ272,"[(1, 'S3'), (2, 'E0'), (3, 'S2'), (4, 'S9'), (5, 'S7'), (6, 'E6'), (7, 'E0'), (8, 'S3'), (9, 'E3'), (10, 'S4'), (11, 'S1'), (12, 'E4'), (13, 'S0'), (14, 'S1')]",830.0,10284.258032776832,294.00896894056456,16.60410159247262,0.1341350791727967,1.7387620761234048,4.038461538461537
polymerJ273,"[(1, 'S2'), (2, 'S6'), (3, 'E7'), (4, 'S3'), (5, 'S9'), (6, 'S1'), (7, 'E1'), (8, 'E7'), (9, 'E6'), (10, 'S6'), (11, 'E0'), (12, 'S6'), (13, 'E0'), (14, 'E9')]",,,,,,,
polymerJ274,"[(1, 'E7'), (2, 'S3'), (3, 'E9'), (4, 'E7'), (5, 'S1'), (6, 'S2'), (7, 'E3'), (8, 'E5'), (9, 'E9'), (10, 'S2'), (11, 'S2'), (12, 'E8'), (13, 'E9'), (14, 'E3')]",,,,,,,
polymerJ275,"[(1, 'S4'), (2, 'S1'), (3, 'S4'), (4, 'E8'), (5, 'E6'), (6, 'S1'), (7, 'E6'), (8, 'E5'), (9, 'S8'), (10, 'S6')]",,,,,,,
polymerJ276,"[(1, 'E8'), (2, 'E8'), (3, 'S5'), (4, 'S2'), (5, 'E0'), (6, 'S7'), (7, 'E7'), (8, 'E9'), (9, 'E9'), (10, 'S7'), (11, 'E5')]",,,,,,,
polymerJ277,"[(1, 'S4'), (2, 'E5'), (3, 'S8'), (4, 'E0'), (5, 'S5'), (6, 'S7'), (7, 'E1'), (8, 'E9'), (9, 'E3'), (10, 'S7'), (11, 'S5')]",830.0,11862.361678621646,378.2418174845167,17.33743126460483,0.1965771605194746,1.744508952438316,4.280912698412698
polymerJ278,"[(1, 'E6'), (2, 'E8'), (3, 'S7'), (4, 'E3'), (5, 'S5'), (6, 'E8'), (7, 'S7'), (8, 'S0'), (9, 'S5'), (10, 'E3'), (11, 'E5'), (12, 'S5')]",830.0,12176.806050873254,325.9232738566614,17.148788897650586,0.1462085735283652,1.9186865536364577,4.083181818181818
polymerJ28,"[(1, 'E5'), (2, 'S7'), (3, 'S8'), (4, 'S1'), (5, 'S4'), (6, 'S1'), (7, 'S5'), (8, 'S2'), (9, 'S9'), (10, 'S4'), (11, 'E8'), (12, 'E3'), (13, 'E5'), (14, 'S7'), (15, 'S7'), (16, 'S9'), (17, 'E9'), (18, 'E5'), (19, 'S9'), (20, 'S3')]",830.0,21589.759275469056,352.0132701380651,20.548534069061283,0.1384149393389578,1.8894120067225504,4.229346938775511
polymerJ29,"[(1, 'E1'), (2, 'E2'), (3, 'E9'), (4, 'E6'), (5, 'S0'), (6, 'E8'), (7, 'S2'), (8, 'E7'), (9, 'E1'), (10, 'S9'), (11, 'S1'), (12, 'S7'), (13, 'E8'), (14, 'S0'), (15, 'S5'), (16, 'S3'), (17, 'E8'), (18, 'E3'), (19, 'E8')]",830.0,13563.051944010247,445.095968339238,18.887310511725296,0.1679990159602176,1.8514618075950628,4.169918032786886
polymerJ3,"[(1, 'E6'), (2, 'S9'), (3, 'E9'), (4, 'S2'), (5, 'S9'), (6, 'E0'), (7, 'S4'), (8, 'E3'), (9, 'S3'), (10, 'E0'), (11, 'E2'), (12, 'E6')]",,,,,,,
polymerJ30,"[(1, 'E6'), (2, 'S0'), (3, 'E1'), (4, 'S1'), (5, 'S4'), (6, 'E9'), (7, 'E4'), (8, 'S3'), (9, 'S7'), (10, 'S2'), (11, 'E0')]",,,,,,,
polymerJ31,"[(1, 'E9'), (2, 'S8'), (3, 'E3'), (4, 'S0'), (5, 'E6'), (6, 'E8'), (7, 'E4'), (8, 'S7'), (9, 'S5'), (10, 'S0'), (11, 'E0'), (12, 'S4'), (13, 'E7')]",,,,,,,
polymerJ32,"[(1, 'S9'), (2, 'E4'), (3, 'E3'), (4, 'S8'), (5, 'S1'), (6, 'E2'), (7, 'E6'), (8, 'S6'), (9, 'E5'), (10, 'S9'), (11, 'E6'), (12, 'E3'), (13, 'E6'), (14, 'S9'), (15, 'S3'), (16, 'S3'), (17, 'E1'), (18, 'E1'), (19, 'E6')]",830.0,17232.411987942498,324.9708435386364,19.417652649198264,0.1341742525872186,1.8130023680566407,3.842591362126246
polymerJ33,"[(1, 'S2'), (2, 'E1'), (3, 'S0'), (4, 'S0'), (5, 'E2'), (6, 'E6'), (7, 'E8'), (8, 'S7'), (9, 'E9'), (10, 'S9'), (11, 'S9'), (12, 'S5')]",830.0,10995.067078851762,300.9942201756777,17.193574046407434,0.1787653156133592,1.9674923326411795,4.510631868131869
polymerJ34,"[(1, 'E4'), (2, 'E6'), (3, 'S2'), (4, 'E8'), (5, 'E7'), (6, 'E8'), (7, 'E1'), (8, 'E8'), (9, 'S0'), (10, 'E4'), (11, 'E4'), (12, 'S2'), (13, 'S2'), (14, 'S9'), (15, 'E4')]",830.0,10686.77439749862,368.9273618311643,16.568099829810016,0.2163171645989913,1.7656418880505185,3.5672751322751326
polymerJ35,"[(1, 'S9'), (2, 'S9'), (3, 'E9'), (4, 'S1'), (5, 'E3'), (6, 'S9'), (7, 'S3'), (8, 'E6'), (9, 'S8'), (10, 'S9'), (11, 'S7'), (12, 'S4'), (13, 'S7'), (14, 'S7'), (15, 'E7'), (16, 'E0'), (17, 'E3'), (18, 'E1')]",830.0,19831.441289458784,397.1001963465322,20.27684849875313,0.0982095988477508,1.6893210967866332,3.83706896551724
polymerJ36,"[(1, 'E0'), (2, 'E3'), (3, 'S6'), (4, 'S4'), (5, 'S3'), (6, 'E7'), (7, 'S7'), (8, 'S3'), (9, 'E3'), (10, 'E1'), (11, 'E5'), (12, 'S7')]",830.0,11065.06639382337,257.27745917783506,15.963403759683878,0.1317299845775268,1.7598456047469504,3.847857142857144
polymerJ37,"[(1, 'S2'), (2, 'S5'), (3, 'S8'), (4, 'E1'), (5, 'E0'), (6, 'E7'), (7, 'E2'), (8, 'E2'), (9, 'S2'), (10, 'S6'), (11, 'E6'), (12, 'S3'), (13, 'E1')]",,,,,,,
polymerJ38,"[(1, 'S2'), (2, 'S7'), (3, 'E3'), (4, 'E2'), (5, 'S8'), (6, 'E8'), (7, 'S1'), (8, 'E9'), (9, 'S0'), (10, 'S2'), (11, 'E8'), (12, 'E7'), (13, 'S4'), (14, 'E8'), (15, 'S1'), (16, 'S7'), (17, 'S0'), (18, 'E9')]",830.0,14766.801298569297,393.5312108591793,17.324963560785566,0.1408286661992347,1.8550351978467383,4.232579365079364
polymerJ39,"[(1, 'S6'), (2, 'S9'), (3, 'S3'), (4, 'E2'), (5, 'E2'), (6, 'S6'), (7, 'E7'), (8, 'E7'), (9, 'E5'), (10, 'E9'), (11, 'E2'), (12, 'E6'), (13, 'E0'), (14, 'E5'), (15, 'S7')]",830.0,11557.517531739328,418.97232091532936,18.5297685616357,0.1641697467485953,1.7956447036802383,3.997492063492064
polymerJ4,"[(1, 'E0'), (2, 'E5'), (3, 'S3'), (4, 'S6'), (5, 'S1'), (6, 'S7'), (7, 'S4'), (8, 'E3'), (9, 'S8'), (10, 'S9'), (11, 'S9'), (12, 'E6'), (13, 'S2'), (14, 'S0'), (15, 'S1'), (16, 'E0')]",830.0,13769.165544496856,302.7645070731996,17.395081932885304,0.1064119266365639,1.38992635672371,3.4425000000000003
polymerJ40,"[(1, 'E8'), (2, 'S4'), (3, 'E3'), (4, 'E7'), (5, 'S8'), (6, 'S4'), (7, 'S9'), (8, 'E2'), (9, 'E5'), (10, 'S2'), (11, 'S2'), (12, 'E3'), (13, 'E9')]",,,,,,,
polymerJ41,"[(1, 'E3'), (2, 'E2'), (3, 'E4'), (4, 'E9'), (5, 'S2'), (6, 'S0'), (7, 'E8'), (8, 'E5'), (9, 'S7'), (10, 'S9'), (11, 'S0'), (12, 'E0')]",,,,,,,
polymerJ42,"[(1, 'E2'), (2, 'S4'), (3, 'S5'), (4, 'S8'), (5, 'S8'), (6, 'S3'), (7, 'S9'), (8, 'S1'), (9, 'E2'), (10, 'E6'), (11, 'E3'), (12, 'E2'), (13, 'S6'), (14, 'S9'), (15, 'E9'), (16, 'E2'), (17, 'S4'), (18, 'E6'), (19, 'S0'), (20, 'E3')]",830.0,15587.257597642643,331.5555093875021,19.364330859865458,0.1205673629746443,1.779194760935853,4.155632653061223
polymerJ43,"[(1, 'E5'), (2, 'E4'), (3, 'S1'), (4, 'E1'), (5, 'S4'), (6, 'E0'), (7, 'E6'), (8, 'S2'), (9, 'S4'), (10, 'S2'), (11, 'S7'), (12, 'E5')]",,,,,,,
polymerJ44,"[(1, 'S8'), (2, 'E2'), (3, 'S4'), (4, 'S7'), (5, 'E9'), (6, 'S8'), (7, 'E5'), (8, 'S5'), (9, 'S8'), (10, 'S7'), (11, 'S6'), (12, 'E7'), (13, 'S9'), (14, 'E3'), (15, 'S0'), (16, 'E5'), (17, 'E0'), (18, 'E7'), (19, 'S4'), (20, 'E0')]",830.0,18651.668809295563,329.44677355265054,19.872752527509423,0.1801809101851199,1.4335931829087474,3.3690037593984963
polymerJ45,"[(1, 'S4'), (2, 'S8'), (3, 'E7'), (4, 'S0'), (5, 'E0'), (6, 'E6'), (7, 'S7'), (8, 'S2'), (9, 'E9'), (10, 'E3'), (11, 'E2'), (12, 'E4'), (13, 'S6'), (14, 'S2'), (15, 'E7')]",830.0,12083.47417783909,341.49016152104093,17.84572830336435,0.1540757311901945,1.845003972417768,4.084981203007516
polymerJ46,"[(1, 'S9'), (2, 'E0'), (3, 'S6'), (4, 'S4'), (5, 'E7'), (6, 'S0'), (7, 'S9'), (8, 'E8'), (9, 'S3'), (10, 'E3'), (11, 'E8'), (12, 'E1'), (13, 'E5'), (14, 'E5'), (15, 'S3'), (16, 'E5')]",830.0,11835.34968446114,312.7737508112897,18.90902956008912,0.1215877946631392,1.8602511068375427,4.028282312925171
polymerJ47,"[(1, 'S4'), (2, 'E1'), (3, 'S6'), (4, 'S1'), (5, 'S6'), (6, 'E5'), (7, 'S8'), (8, 'S6'), (9, 'E6'), (10, 'S2'), (11, 'E8'), (12, 'E8'), (13, 'S9'), (14, 'S1'), (15, 'E8'), (16, 'S0'), (17, 'E9')]",830.0,14714.671575824575,383.99324197458,18.670391271454957,0.129545979152526,1.9155369074069315,4.223746031746031
polymerJ48,"[(1, 'E3'), (2, 'S7'), (3, 'S6'), (4, 'S2'), (5, 'E3'), (6, 'S3'), (7, 'S8'), (8, 'E1'), (9, 'S2'), (10, 'S2'), (11, 'E9'), (12, 'S4'), (13, 'E0'), (14, 'S2')]",,,,,,,
polymerJ49,"[(1, 'E0'), (2, 'S0'), (3, 'E5'), (4, 'E8'), (5, 'S0'), (6, 'S8'), (7, 'S2'), (8, 'S6'), (9, 'S9'), (10, 'S3'), (11, 'S3'), (12, 'E7'), (13, 'E7'), (14, 'S1'), (15, 'S3'), (16, 'S5'), (17, 'S7'), (18, 'S8'), (19, 'E4'), (20, 'E2')]",830.0,17054.049400956217,287.5814493229336,18.3589203616551,0.1247110443524364,1.8415689268825808,4.48409090909091
polymerJ5,"[(1, 'E1'), (2, 'S7'), (3, 'E9'), (4, 'E9'), (5, 'E7'), (6, 'S5'), (7, 'E8'), (8, 'S7'), (9, 'E2'), (10, 'S6'), (11, 'S9'), (12, 'S0'), (13, 'S8'), (14, 'S1'), (15, 'E6'), (16, 'S8'), (17, 'E9'), (18, 'S2')]",830.0,17206.282032828054,503.2897998744932,19.07152796609061,0.1217941115069724,1.8495433192466049,4.220182072829132
polymerJ50,"[(1, 'S1'), (2, 'E8'), (3, 'E3'), (4, 'S6'), (5, 'S4'), (6, 'S2'), (7, 'S6'), (8, 'S1'), (9, 'E7'), (10, 'S1'), (11, 'E0'), (12, 'S7'), (13, 'S3'), (14, 'E5'), (15, 'E5'), (16, 'E9'), (17, 'E7'), (18, 'S5')]",,,,,,,
polymerJ51,"[(1, 'S3'), (2, 'E3'), (3, 'E4'), (4, 'S1'), (5, 'S1'), (6, 'E6'), (7, 'S3'), (8, 'E1'), (9, 'E5'), (10, 'S0'), (11, 'E8'), (12, 'E5')]",,,,,,,
polymerJ52,"[(1, 'E0'), (2, 'E0'), (3, 'E0'), (4, 'S6'), (5, 'S5'), (6, 'E7'), (7, 'S1'), (8, 'S6'), (9, 'E7'), (10, 'S9'), (11, 'S5'), (12, 'E8'), (13, 'S9'), (14, 'E4')]",830.0,13981.612961901865,382.1590849570392,17.09899023805346,0.112613912482173,1.893721673331844,4.56107142857143
polymerJ53,"[(1, 'E9'), (2, 'E9'), (3, 'S7'), (4, 'S9'), (5, 'S6'), (6, 'S4'), (7, 'E9'), (8, 'E8'), (9, 'S9'), (10, 'E1'), (11, 'E0'), (12, 'E3')]",,,,,,,
polymerJ54,"[(1, 'E0'), (2, 'S7'), (3, 'S1'), (4, 'E6'), (5, 'E4'), (6, 'E2'), (7, 'E8'), (8, 'E9'), (9, 'S4'), (10, 'E7'), (11, 'E8'), (12, 'E2'), (13, 'E6'), (14, 'E5'), (15, 'E8'), (16, 'S8'), (17, 'S0'), (18, 'E9')]",,,,,,,
polymerJ55,"[(1, 'S3'), (2, 'S0'), (3, 'E2'), (4, 'E4'), (5, 'S3'), (6, 'E0'), (7, 'E8'), (8, 'E3'), (9, 'E0'), (10, 'E6'), (11, 'S9')]",,,,,,,
polymerJ56,"[(1, 'S3'), (2, 'S8'), (3, 'S5'), (4, 'E1'), (5, 'E8'), (6, 'E6'), (7, 'S9'), (8, 'E6'), (9, 'E7'), (10, 'S6'), (11, 'S2'), (12, 'S1'), (13, 'E1'), (14, 'S8'), (15, 'E5'), (16, 'E7'), (17, 'E8')]",830.0,15406.69320268448,432.5803334448684,19.09079371520451,0.1819697122650019,1.8840324931329664,4.418848396501456
polymerJ57,"[(1, 'S5'), (2, 'E8'), (3, 'E4'), (4, 'E3'), (5, 'E1'), (6, 'E3'), (7, 'E6'), (8, 'E8'), (9, 'E4'), (10, 'E5'), (11, 'E5'), (12, 'S9'), (13, 'S5')]",,,,,,,
polymerJ58,"[(1, 'E5'), (2, 'S5'), (3, 'S2'), (4, 'S4'), (5, 'S9'), (6, 'S7'), (7, 'S5'), (8, 'E0'), (9, 'S7'), (10, 'E6'), (11, 'E4'), (12, 'S9'), (13, 'S9'), (14, 'E5'), (15, 'E3'), (16, 'S2'), (17, 'S6')]",830.0,15768.49433529489,319.04022973221976,19.65450740950449,0.1189100673449841,1.4679949075969587,3.3457453416149066
polymerJ59,"[(1, 'S6'), (2, 'E1'), (3, 'E5'), (4, 'E5'), (5, 'E6'), (6, 'S6'), (7, 'S1'), (8, 'E5'), (9, 'S5'), (10, 'E0'), (11, 'S9'), (12, 'E3'), (13, 'E1'), (14, 'E8'), (15, 'E4'), (16, 'S4'), (17, 'E7'), (18, 'E0'), (19, 'E6')]",830.0,13917.543120245682,397.280735239075,17.707016140392852,0.1227669790636581,1.77159482765959,4.031036414565826
polymerJ6,"[(1, 'S6'), (2, 'S7'), (3, 'E9'), (4, 'S9'), (5, 'S1'), (6, 'S9'), (7, 'S1'), (8, 'E6'), (9, 'E2'), (10, 'E9'), (11, 'E6'), (12, 'E4'), (13, 'E0'), (14, 'E9'), (15, 'E7'), (16, 'E9'), (17, 'S4'), (18, 'S3')]",830.0,15663.132557742629,473.987312933546,19.22251858234405,0.1638356032930513,1.907848832285577,4.266803278688525
polymerJ60,"[(1, 'E0'), (2, 'S1'), (3, 'S3'), (4, 'E9'), (5, 'S2'), (6, 'E3'), (7, 'E9'), (8, 'E7'), (9, 'S7'), (10, 'S3'), (11, 'S5'), (12, 'S3'), (13, 'E9'), (14, 'S6'), (15, 'S6'), (16, 'S0'), (17, 'E4')]",830.0,14492.265338481096,384.23814370858815,16.550825767517082,0.1104845116843427,1.929275130475476,4.410627177700347
polymerJ61,"[(1, 'E1'), (2, 'S2'), (3, 'S4'), (4, 'E1'), (5, 'E2'), (6, 'E6'), (7, 'E6'), (8, 'S9'), (9, 'S4'), (10, 'S3'), (11, 'S9'), (12, 'E0'), (13, 'S9'), (14, 'S0'), (15, 'E1'), (16, 'E7'), (17, 'S7'), (18, 'S6')]",830.0,15186.726698510289,276.4976028348035,19.17517958777291,0.0978006080331845,1.7702554162475492,3.975446428571429
polymerJ62,"[(1, 'E4'), (2, 'S2'), (3, 'S6'), (4, 'S6'), (5, 'E8'), (6, 'E4'), (7, 'E0'), (8, 'E6'), (9, 'E2'), (10, 'S0'), (11, 'E4'), (12, 'E8')]",830.0,8719.531179797694,339.91898140147987,14.97130726269313,0.1776759107369857,1.8326124586525687,4.086587301587302
polymerJ63,"[(1, 'S4'), (2, 'S0'), (3, 'E4'), (4, 'S2'), (5, 'S7'), (6, 'E3'), (7, 'S5'), (8, 'S0'), (9, 'S4'), (10, 'E1'), (11, 'S6'), (12, 'E3'), (13, 'S8'), (14, 'E4'), (15, 'S4'), (16, 'E6'), (17, 'E7'), (18, 'S5')]",830.0,14644.333828217925,281.6993124318143,18.461580238342293,0.136794540781954,1.60365814918797,3.603545918367347
polymerJ64,"[(1, 'E0'), (2, 'S5'), (3, 'S8'), (4, 'S8'), (5, 'S4'), (6, 'S0'), (7, 'E8'), (8, 'S8'), (9, 'E5'), (10, 'E7'), (11, 'S3'), (12, 'E7'), (13, 'E3')]",830.0,11280.08980553962,338.1912522860355,17.720763041632516,0.1010063495941958,1.9461992834044817,4.349642857142858
polymerJ65,"[(1, 'E2'), (2, 'S2'), (3, 'S0'), (4, 'E1'), (5, 'E8'), (6, 'S5'), (7, 'E9'), (8, 'S9'), (9, 'E5'), (10, 'S1'), (11, 'E6'), (12, 'E8'), (13, 'E7'), (14, 'E8'), (15, 'E5'), (16, 'S4'), (17, 'S2'), (18, 'E4'), (19, 'E3')]",,,,,,,
polymerJ66,"[(1, 'E1'), (2, 'E1'), (3, 'E7'), (4, 'S6'), (5, 'E2'), (6, 'E8'), (7, 'E7'), (8, 'S5'), (9, 'S5'), (10, 'S0'), (11, 'S0'), (12, 'S5')]",830.0,8685.703341802371,305.0181663706419,15.823164717129297,0.1430727753830381,1.9003156987449688,4.226758241758241
polymerJ67,"[(1, 'E8'), (2, 'S0'), (3, 'E5'), (4, 'E3'), (5, 'E9'), (6, 'E0'), (7, 'S5'), (8, 'S0'), (9, 'E3'), (10, 'E8'), (11, 'E2'), (12, 'S2'), (13, 'E0'), (14, 'S6'), (15, 'E1'), (16, 'E1'), (17, 'E3'), (18, 'S1'), (19, 'S7'), (20, 'S5')]",,,,,,,
polymerJ68,"[(1, 'E8'), (2, 'E1'), (3, 'E6'), (4, 'E7'), (5, 'S1'), (6, 'S8'), (7, 'E1'), (8, 'S6'), (9, 'S5'), (10, 'E6'), (11, 'S7')]",830.0,10508.225518640877,305.7047860610816,16.914438145501276,0.130689482006216,1.8561470974863632,4.149704433497537
polymerJ69,"[(1, 'E1'), (2, 'E7'), (3, 'S0'), (4, 'S3'), (5, 'S8'), (6, 'E4'), (7, 'S2'), (8, 'S9'), (9, 'E5'), (10, 'S0'), (11, 'E1'), (12, 'E5'), (13, 'E6'), (14, 'E1'), (15, 'E4'), (16, 'S0'), (17, 'S2')]",830.0,10817.64062173332,316.6468264724428,16.721606557709833,0.3463154188183672,1.7471062051722974,4.149747899159665
polymerJ7,"[(1, 'S4'), (2, 'S4'), (3, 'E3'), (4, 'S0'), (5, 'E2'), (6, 'E9'), (7, 'E7'), (8, 'S5'), (9, 'E0'), (10, 'E3'), (11, 'E4'), (12, 'S6'), (13, 'S8'), (14, 'S6'), (15, 'S3'), (16, 'S7'), (17, 'E5'), (18, 'S8'), (19, 'E1')]",830.0,15374.610538702718,332.485423917445,18.62734450272152,0.1495599777910465,1.6857674454135103,3.7439075630252105
polymerJ70,"[(1, 'S7'), (2, 'E8'), (3, 'S4'), (4, 'E8'), (5, 'S9'), (6, 'E9'), (7, 'S7'), (8, 'S6'), (9, 'S5'), (10, 'E8'), (11, 'S5'), (12, 'S0'), (13, 'E9'), (14, 'E7'), (15, 'S0'), (16, 'E6'), (17, 'S2')]",830.0,17113.696457975948,392.2866398739476,18.4435008083071,0.0876520282295664,1.943948664632044,4.452571428571426
polymerJ71,"[(1, 'E2'), (2, 'E7'), (3, 'S5'), (4, 'E3'), (5, 'E3'), (6, 'S9'), (7, 'E4'), (8, 'S0'), (9, 'S7'), (10, 'E1'), (11, 'S3'), (12, 'E8'), (13, 'E6'), (14, 'S4'), (15, 'S7'), (16, 'S2'), (17, 'S1')]",830.0,14046.439647636897,261.81694032259617,17.448904151916505,0.1714777571890069,1.7845687342781842,4.122584033613445
polymerJ72,"[(1, 'E5'), (2, 'E5'), (3, 'E1'), (4, 'S9'), (5, 'E4'), (6, 'E1'), (7, 'S3'), (8, 'E1'), (9, 'S0'), (10, 'S2'), (11, 'E5'), (12, 'S4'), (13, 'S6'), (14, 'S2'), (15, 'S4')]",,,,,,,
polymerJ73,"[(1, 'E5'), (2, 'E7'), (3, 'E8'), (4, 'E0'), (5, 'S9'), (6, 'E9'), (7, 'S0'), (8, 'S2'), (9, 'S3'), (10, 'S2'), (11, 'E1'), (12, 'E5'), (13, 'S5'), (14, 'S3'), (15, 'S8'), (16, 'E6'), (17, 'S3'), (18, 'E0'), (19, 'S4')]",830.0,14492.875203551004,372.87720661406456,18.556941712243216,0.1749058072754837,1.8417233601274283,4.227961672473866
polymerJ74,"[(1, 'E8'), (2, 'E1'), (3, 'S9'), (4, 'E0'), (5, 'S2'), (6, 'S5'), (7, 'E4'), (8, 'E3'), (9, 'S4'), (10, 'E5'), (11, 'E5'), (12, 'S1'), (13, 'E3'), (14, 'S2'), (15, 'E6'), (16, 'E5'), (17, 'S6'), (18, 'S1'), (19, 'E3'), (20, 'S4')]",830.0,14468.736957618745,366.3814091442002,18.142250694547386,0.1834687208729343,1.7687706423566818,3.9332890365448505
polymerJ75,"[(1, 'S9'), (2, 'E4'), (3, 'E0'), (4, 'S1'), (5, 'S5'), (6, 'E9'), (7, 'E9'), (8, 'E7'), (9, 'S0'), (10, 'E8'), (11, 'E0'), (12, 'E2'), (13, 'E5'), (14, 'E4'), (15, 'S0'), (16, 'E1'), (17, 'E1'), (18, 'E6'), (19, 'E3'), (20, 'E1')]",,,,,,,
polymerJ76,"[(1, 'S7'), (2, 'E5'), (3, 'S6'), (4, 'E6'), (5, 'S3'), (6, 'E6'), (7, 'S3'), (8, 'E0'), (9, 'E1'), (10, 'E9'), (11, 'S0'), (12, 'S0'), (13, 'E4'), (14, 'E8'), (15, 'S6'), (16, 'E5'), (17, 'S6'), (18, 'E4'), (19, 'E6')]",830.0,15293.75355319154,328.94315598882787,18.36140833377838,0.1485399058216667,1.806816387013261,4.132407407407407
polymerJ77,"[(1, 'S0'), (2, 'E1'), (3, 'E9'), (4, 'S2'), (5, 'S2'), (6, 'S2'), (7, 'E1'), (8, 'E1'), (9, 'S3'), (10, 'E5'), (11, 'E7'), (12, 'S1'), (13, 'S6'), (14, 'S0'), (15, 'E5'), (16, 'S6')]",830.0,10599.756405155476,294.1635550057145,15.731513837405608,0.1464764991552,1.794811292134967,3.957044334975368
polymerJ78,"[(1, 'E0'), (2, 'S5'), (3, 'E7'), (4, 'E8'), (5, 'S4'), (6, 'S8'), (7, 'E2'), (8, 'S9'), (9, 'E3'), (10, 'E3'), (11, 'E5'), (12, 'E6'), (13, 'S6'), (14, 'E2'), (15, 'E9'), (16, 'E4')]",,,,,,,
polymerJ79,"[(1, 'S8'), (2, 'S1'), (3, 'S6'), (4, 'S4'), (5, 'S9'), (6, 'S9'), (7, 'E8'), (8, 'S5'), (9, 'S8'), (10, 'S6'), (11, 'S2'), (12, 'S2'), (13, 'S1'), (14, 'S6'), (15, 'E4'), (16, 'S5'), (17, 'E4'), (18, 'E6'), (19, 'S4')]",830.0,17629.1071198344,373.51853002765137,20.764151111330303,0.2080212037105831,1.57003370425972,3.540194805194806
polymerJ8,"[(1, 'S3'), (2, 'S4'), (3, 'E4'), (4, 'E3'), (5, 'S5'), (6, 'E0'), (7, 'E1'), (8, 'S4'), (9, 'S9'), (10, 'S8'), (11, 'S0')]",830.0,9077.167696295151,280.0776578568903,17.447384811810082,0.2057683700171748,1.644797213986373,3.733035714285713
polymerJ80,"[(1, 'E3'), (2, 'S2'), (3, 'S5'), (4, 'S2'), (5, 'S2'), (6, 'S9'), (7, 'E7'), (8, 'S9'), (9, 'S4'), (10, 'S6'), (11, 'E0'), (12, 'E0'), (13, 'E9'), (14, 'S4'), (15, 'S6'), (16, 'S7'), (17, 'E1')]",830.0,16052.194255746776,399.4870909721316,18.9595125075749,0.1199581042419863,1.684443791782788,4.190750000000001
polymerJ81,"[(1, 'E6'), (2, 'S9'), (3, 'E2'), (4, 'S3'), (5, 'E7'), (6, 'S4'), (7, 'S0'), (8, 'S1'), (9, 'S7'), (10, 'E1'), (11, 'E3'), (12, 'S3'), (13, 'S5'), (14, 'S7'), (15, 'E9'), (16, 'S2'), (17, 'S1'), (18, 'S5'), (19, 'S7'), (20, 'S1')]",830.0,16926.14537385424,339.43980653845244,19.5805464894431,0.1055415151765464,1.7393213907789828,3.933903061224491
polymerJ82,"[(1, 'E9'), (2, 'E2'), (3, 'S4'), (4, 'E2'), (5, 'E8'), (6, 'E7'), (7, 'E0'), (8, 'E7'), (9, 'S0'), (10, 'E5'), (11, 'S7'), (12, 'E2'), (13, 'S0'), (14, 'E8'), (15, 'S5'), (16, 'E5')]",,,,,,,
polymerJ83,"[(1, 'S4'), (2, 'E0'), (3, 'S5'), (4, 'S3'), (5, 'S0'), (6, 'E2'), (7, 'S5'), (8, 'S1'), (9, 'E9'), (10, 'S0'), (11, 'E1'), (12, 'S7'), (13, 'S3'), (14, 'S9'), (15, 'E4'), (16, 'E9'), (17, 'E8')]",830.0,12330.943731746756,377.952682477764,18.37158676828656,0.1341637775392205,1.9284277275422108,4.25151515151515
polymerJ84,"[(1, 'S8'), (2, 'S9'), (3, 'S4'), (4, 'E9'), (5, 'E3'), (6, 'S2'), (7, 'E7'), (8, 'E5'), (9, 'S6'), (10, 'E2'), (11, 'E2'), (12, 'E0'), (13, 'E3'), (14, 'E3'), (15, 'S7'), (16, 'S0'), (17, 'E1')]",830.0,12647.854725095503,330.11158214835496,18.266609525680547,0.1575590348309123,1.7966481992143375,4.1556938775510215
polymerJ85,"[(1, 'S9'), (2, 'E5'), (3, 'E0'), (4, 'E1'), (5, 'E0'), (6, 'E5'), (7, 'E2'), (8, 'S1'), (9, 'S4'), (10, 'E9'), (11, 'S5'), (12, 'E3'), (13, 'S0'), (14, 'E4'), (15, 'S5'), (16, 'S0')]",830.0,10785.763037185068,302.17102214120683,17.23871604238238,0.179711365821586,1.8238164771957175,4.011059113300493
polymerJ86,"[(1, 'S8'), (2, 'S0'), (3, 'S3'), (4, 'S1'), (5, 'E3'), (6, 'S0'), (7, 'S0'), (8, 'E0'), (9, 'S8'), (10, 'S3'), (11, 'S0'), (12, 'E7'), (13, 'S3'), (14, 'E8'), (15, 'S5'), (16, 'S4'), (17, 'E8'), (18, 'E3'), (19, 'E8')]",830.0,11779.658902270665,427.2841102646326,20.5793749318804,0.1667504677179687,1.876334386727302,4.126138996138997
polymerJ87,"[(1, 'S5'), (2, 'E8'), (3, 'E9'), (4, 'E4'), (5, 'E9'), (6, 'S8'), (7, 'E0'), (8, 'S1'), (9, 'S9'), (10, 'S6'), (11, 'E4'), (12, 'S5'), (13, 'S6'), (14, 'E5'), (15, 'S6'), (16, 'E7'), (17, 'S4'), (18, 'S3'), (19, 'S8')]",830.0,18531.263514920985,410.6323584976832,20.09272256987436,0.1258902159853046,1.9010324406376988,4.525729813664596
polymerJ88,"[(1, 'S8'), (2, 'S9'), (3, 'E5'), (4, 'S1'), (5, 'S6'), (6, 'S1'), (7, 'S0'), (8, 'E9'), (9, 'S9'), (10, 'S3'), (11, 'E2'), (12, 'S2'), (13, 'E0'), (14, 'S7'), (15, 'S3'), (16, 'S4'), (17, 'E1'), (18, 'S5')]",830.0,14860.212171859232,303.98677848457845,20.20722207886832,0.174127638401154,1.524092609089501,3.5149159663865555
polymerJ89,"[(1, 'S3'), (2, 'E8'), (3, 'S0'), (4, 'S5'), (5, 'S8'), (6, 'S1'), (7, 'S7'), (8, 'S3'), (9, 'E8'), (10, 'E9'), (11, 'E8'), (12, 'E8'), (13, 'S9'), (14, 'S4'), (15, 'S9'), (16, 'S4'), (17, 'S1'), (18, 'E2'), (19, 'E1'), (20, 'E7')]",830.0,18491.676298685925,418.4223868311465,18.71310939243861,0.113345344159808,1.977496503549818,4.31387955182073
polymerJ9,"[(1, 'S2'), (2, 'S4'), (3, 'S0'), (4, 'E9'), (5, 'E6'), (6, 'E6'), (7, 'E0'), (8, 'S2'), (9, 'E2'), (10, 'S1'), (11, 'E3'), (12, 'E6'), (13, 'E4'), (14, 'S8'), (15, 'S8')]",830.0,10802.509144064412,321.4518998310932,17.737864349910197,0.1359946656759612,1.870413625170172,4.105138888888889
polymerJ90,"[(1, 'S8'), (2, 'S3'), (3, 'S6'), (4, 'S8'), (5, 'E3'), (6, 'S8'), (7, 'E2'), (8, 'S9'), (9, 'S1'), (10, 'S7'), (11, 'E1'), (12, 'S6'), (13, 'S2'), (14, 'E9'), (15, 'S9'), (16, 'E6'), (17, 'E4'), (18, 'E0'), (19, 'S1'), (20, 'E5')]",830.0,15638.219551198874,352.93583931858274,20.58821238109043,0.1360013746801408,1.6749786178043644,3.82995238095238
polymerJ91,"[(1, 'S9'), (2, 'S5'), (3, 'E8'), (4, 'E3'), (5, 'E9'), (6, 'S1'), (7, 'E8'), (8, 'E8'), (9, 'S8'), (10, 'S9'), (11, 'E5'), (12, 'E4'), (13, 'E8'), (14, 'E0'), (15, 'S2'), (16, 'S5'), (17, 'E3')]",830.0,15125.946150392409,396.23139825204174,18.81829167161669,0.0996595288532041,1.885221562447737,3.974566326530613
polymerJ92,"[(1, 'E2'), (2, 'S5'), (3, 'S3'), (4, 'E0'), (5, 'E0'), (6, 'E4'), (7, 'E1'), (8, 'E1'), (9, 'E9'), (10, 'E4'), (11, 'S5'), (12, 'S8'), (13, 'E5'), (14, 'S2'), (15, 'E2'), (16, 'E0'), (17, 'S0')]",830.0,9876.611945885155,308.0042064388291,16.095782686642238,0.168202712905521,1.7475492037386633,3.87591836734694
polymerJ93,"[(1, 'E5'), (2, 'S6'), (3, 'E2'), (4, 'S8'), (5, 'S6'), (6, 'E0'), (7, 'E6'), (8, 'E4'), (9, 'E8'), (10, 'E6'), (11, 'E9'), (12, 'S6'), (13, 'E6'), (14, 'E7'), (15, 'E6'), (16, 'S7'), (17, 'S2'), (18, 'E4'), (19, 'E0')]",830.0,14973.559656381443,355.75906155576,17.979614426067897,0.1598159209504841,1.7562022266704196,3.99749433106576
polymerJ94,"[(1, 'S3'), (2, 'S2'), (3, 'S9'), (4, 'S1'), (5, 'E1'), (6, 'S5'), (7, 'E9'), (8, 'S4'), (9, 'E5'), (10, 'S1'), (11, 'S6'), (12, 'S2'), (13, 'E2'), (14, 'E1'), (15, 'E2'), (16, 'E2'), (17, 'S9'), (18, 'S4')]",830.0,14382.839705857634,277.17065470535687,18.12695382186344,0.1431213385497309,1.6998348465538773,3.925584415584415
polymerJ95,"[(1, 'E7'), (2, 'S4'), (3, 'E0'), (4, 'E7'), (5, 'E1'), (6, 'E6'), (7, 'E1'), (8, 'S7'), (9, 'S4'), (10, 'S5'), (11, 'S7'), (12, 'E3'), (13, 'S6'), (14, 'E2'), (15, 'S2'), (16, 'S3'), (17, 'S8'), (18, 'E1'), (19, 'S9')]",830.0,13574.304435474984,297.2826411412669,20.36860270636422,0.197002406833692,1.6849795563476049,3.60344387755102
polymerJ96,"[(1, 'E9'), (2, 'E3'), (3, 'E0'), (4, 'S6'), (5, 'E9'), (6, 'S3'), (7, 'S1'), (8, 'S2'), (9, 'E5'), (10, 'S7'), (11, 'E8'), (12, 'E1'), (13, 'S8'), (14, 'E9'), (15, 'S6'), (16, 'S9'), (17, 'S4')]",830.0,15578.009693881157,358.0835429290975,18.55237795352935,0.1433190664099249,1.8866218561966888,4.209058441558441
polymerJ97,"[(1, 'S0'), (2, 'E1'), (3, 'S5'), (4, 'S1'), (5, 'S6'), (6, 'E6'), (7, 'E7'), (8, 'E1'), (9, 'S6'), (10, 'S2'), (11, 'S6'), (12, 'S2'), (13, 'S3'), (14, 'S1'), (15, 'S7'), (16, 'S7'), (17, 'E4'), (18, 'S2'), (19, 'E4')]",830.0,16063.594634354731,313.0569812509546,17.183314661979676,0.0845740180847365,1.7051289628070034,4.418850931677017
polymerJ98,"[(1, 'E4'), (2, 'E4'), (3, 'E0'), (4, 'E5'), (5, 'S3'), (6, 'E9'), (7, 'E8'), (8, 'E7'), (9, 'S8'), (10, 'E7'), (11, 'E3'), (12, 'S1'), (13, 'S2'), (14, 'E4'), (15, 'E7'), (16, 'E1'), (17, 'S1'), (18, 'E5')]",830.0,12302.71398463398,412.01550832592295,15.729206585202904,0.1279352546928321,1.71293976957396,3.574241071428572
polymerJ99,"[(1, 'S2'), (2, 'E1'), (3, 'S2'), (4, 'S4'), (5, 'S1'), (6, 'E0'), (7, 'S2'), (8, 'E9'), (9, 'E6'), (10, 'E1'), (11, 'E9'), (12, 'S7'), (13, 'S5'), (14, 'E9'), (15, 'S1'), (16, 'S4')]",,,,,,,
